p,chi_1s(p),chi_2s(p),chi_2p(p)
0.0,0.2502345679622624,-2.886782465124137,0.0
0.05,0.2501869058890719,-2.875535042591451,0.19489870079289232
0.1,0.25004402946624865,-2.8421581753168024,0.3832766134386594
0.15000000000000002,0.24980627158606442,-2.7877218127182153,0.5591482379998957
0.2,0.24947419757726474,-2.7139250122037377,0.7175187609374298
0.25,0.24904861722543814,-2.6229806027522935,0.8546981819281719
0.30000000000000004,0.24853059521275886,-2.517473467807413,0.9684437634823179
0.35000000000000003,0.24792145575963584,-2.400207779139284,1.0579343601254576
0.4,0.2472227783549259,-2.2740578793999773,1.1236080095181955
0.45,0.2464363832010458,-2.1418349056810224,1.166910177690172
0.5,0.24556430690692313,-2.0061774666594063,1.1900031607053436
0.55,0.24460877054189945,-1.8694705917594172,1.195480040753702
0.6000000000000001,0.24357214307925049,-1.7337934742152779,1.1861138117866104
0.65,0.24245690372374898,-1.6008936803033702,1.1646582940636054
0.7000000000000001,0.2412656059204029,-1.472183665594896,1.1337054304502148
0.75,0.2400008455993896,-1.3487545744494072,1.0955950466012754
0.8,0.23866523494730849,-1.2314022131260738,1.052368344343034
0.8500000000000001,0.2372613823176632,-1.1206605385978214,1.005754634337349
0.9,0.23579187812149843,-1.0168387616538137,0.9571811356661714
0.9500000000000001,0.23425928603741386,-0.9200590348914217,0.9077971490608799
1.0,0.2326661385871521,-0.8302925502241811,0.8585058324191943
1.05,0.23101493601549214,-0.7473926260223153,0.8099987100526629
1.1,0.22930814744431494,-0.6711239829266301,0.7627896863469606
1.1500000000000001,0.22754821339086834,-0.6011878816457908,0.7172466205388185
1.2000000000000002,0.2257375489060716,-0.537243136042829,0.6736194559701505
1.25,0.22387854676696503,-0.47892324042345175,0.6320645345880846
1.3,0.22197358032571868,-0.42584998430782584,0.5926651310365496
1.35,0.2200250057632137,-0.37764399364752144,0.5554484737727428
1.4000000000000001,0.2180351636129026,-0.3339326543068961,0.5203996366109572
1.4500000000000002,0.2160063795103748,-0.29435585799415825,0.4874727241730557
1.5,0.21394096418838734,-0.25856997540297944,0.45659976878899716
1.55,0.21184121277963538,-0.22625041550880903,0.42769772498565745
1.6,0.20970940351434073,-0.19709308036606202,0.40067390427964916
1.6500000000000001,0.2075477959113156,-0.17081497576113355,0.3754301459106944
1.7000000000000002,0.2053586285640554,-0.14715419238810304,0.35186597328735075
1.75,0.2031441166210351,-0.12586943129307235,0.329880943851206
1.8,0.2009064490533675,-0.10673921178581695,0.3093763629439644
1.85,0.198647785793789,-0.08956086988420595,0.2902565003571176
1.9000000000000001,0.19637025481949244,-0.07414943032981171,0.2724294213406938
1.9500000000000002,0.19407594923964488,-0.060336414792467735,0.25580752149337477
2.0,0.19176692443873436,-0.04796863248306699,0.24030783659283508
2.0500000000000003,0.1894451953196554,-0.03690698641966153,0.22585218347118183
2.1,0.18711273368391382,-0.02702531847335877,0.2123671759550925
2.15,0.18477146577861478,-0.01820930854225159,0.1997841501944103
2.2,0.182423270030603,-0.010355437312386726,0.18803902596560942
2.25,0.18006997498010238,-0.003370017679567192,0.17707212438688708
2.3000000000000003,0.17771335742169014,0.0028317032970581976,0.16682795762473787
2.35,0.17535514075953498,0.00832637232336989,0.15725500236089437
2.4000000000000004,0.1729969935837549,0.013183289674752293,0.14830546580305864
2.45,0.17064052847100922,0.017465103917493213,0.13993505069206777
2.5,0.16828730100675962,0.021228445235827523,0.13210272396036501
2.5500000000000003,0.16593880901979252,0.024524501407684238,0.12477049231886303
2.6,0.16359649201767615,0.027399540614326243,0.11790318698724063
2.6500000000000004,0.16126173081489817,0.029895385261118203,0.11146825897377119
2.7,0.15893584734847055,0.03204984087573222,0.10543558571383028
2.75,0.15662010467916956,0.03389708397148226,0.09977728943418158
2.8000000000000003,0.15431570716888074,0.035468012543100766,0.09446756727519996
2.85,0.15202380082012876,0.03679056261906287,0.0894825329645757
2.9000000000000004,0.14974547375908845,0.03788999404217543,0.08480006968140232
2.95,0.14748175684559453,0.03878914839810513,0.0803996936416996
3.0,0.14523362440461876,0.03950868176617839,0.07626242785708195
3.0500000000000003,0.14300199507182437,0.04006727473235982,0.07237068547978542
3.1,0.14078773275396567,0.04048182188346874,0.06870816214171388
3.1500000000000004,0.13859164769042387,0.040767602795798934,0.06525973669277549
3.2,0.13641449759876487,0.04093843634076945,0.062011379745016866
3.25,0.13425698888525162,0.04100681995504825,0.0589500694537778
3.3000000000000003,0.132119777908,0.04098405536240325,0.05606371400221453
3.35,0.13000347228970596,0.04088036208860558,0.05334108027714704
3.4000000000000004,0.1279086322816362,0.04070497997811293,0.05077172824580445
3.45,0.1258357721773091,0.04046626180115074,0.048345950582691824
3.5,0.12378536176580829,0.04017175693125457,0.04605471713381084
3.5500000000000003,0.12175782780789318,0.03982828697528883,0.043889623825836506
3.6,0.11975355551857413,0.039442014149477844,0.041842845651197835
3.6500000000000004,0.11777289004768299,0.03901850311540371,0.03990709339854734
3.7,0.11581613795973271,0.03856277691843344,0.03807557382792525
3.75,0.11388356871911864,0.03807936760662572,0.036341953003604675
3.8000000000000003,0.11197541618316861,0.03757236205002938,0.03470032251811476
3.85,0.11009188009640578,0.037045443428058204,0.03314516837333436
3.9000000000000004,0.10823312757152524,0.03650192880599557,0.031671342305454764
3.95,0.10639929454217341,0.03594480317995021,0.030274035347798194
4.0,0.1045904871805513,0.03537675033184606,0.028948753442208933
4.05,0.1028067832838741,0.03480018080170772,0.02769129493629241
4.1000000000000005,0.10104823364004761,0.034217257253607504,0.02649772981711069
4.15,0.09931486337989964,0.03362991748446015,0.025364380533851448
4.2,0.09760667331307414,0.03303989530103237,0.02428780427579429
4.25,0.09592364123483331,0.032448739468776154,0.02326477659404695
4.3,0.09426572318904013,0.03185783091525618,0.02229227626260471
4.3500000000000005,0.09263285468035917,0.03126839835174255,0.021367471272204456
4.4,0.09102495184085853,0.030681532460848294,0.020487705862885938
4.45,0.08944191256402968,0.030098198785853184,0.019650488519966675
4.5,0.08788361761717257,0.029519249445412756,0.01885348085979701
4.55,0.08634993173274666,0.02894543378327242,0.01809448732713251
4.6000000000000005,0.08484070466831334,0.02837740804853167,0.01737144563839745
4.65,0.08335577222108403,0.027815744194385667,0.01668241792088982
4.7,0.08189495718936952,0.027260937877928503,0.016025582494931745
4.75,0.08045807028477783,0.02671341574073461,0.015399226240625013
4.800000000000001,0.07904491100764142,0.026173542035965808,0.0148017375040832
4.8500000000000005,0.07765526849811154,0.025641624655426815,0.014231599510591789
4.9,0.07628892236720707,0.025117920605726353,0.013687384245228387
4.95,0.07494564350188634,0.02460264098809113,0.013167746756871518
5.0,0.07362519483284856,0.024095955537161446,0.012671419855644626
5.050000000000001,0.07232733205637559,0.02359799676019935,0.012197209182725974
5.1000000000000005,0.07105180430984048,0.02310886370040213,0.011743988621828908
5.15,0.06979835480897935,0.0226286253471106,0.01131069601915759
5.2,0.06856672145858803,0.022157323732194884,0.010896329192979623
5.25,0.06735663744521596,0.021694976759843134,0.010499942218761573
5.300000000000001,0.06616783181283663,0.02124158079758385,0.01012064196516334
5.3500000000000005,0.06500003001489846,0.0207971130289131,0.009757584856433488
5.4,0.0638529544330025,0.02036153356883646,0.009409973849998208
5.45,0.06272632485567536,0.019934787374506463,0.009077055619150285
5.5,0.061619858918598835,0.019516806000823075,0.008758117920868636
5.550000000000001,0.06053327251564049,0.019107509223828898,0.008452487131214733
5.6000000000000005,0.05946628019303922,0.01870680651242991,0.008159525941814802
5.65,0.05841859553488321,0.018314598328887394,0.007878631209769765
5.7,0.05738993153878371,0.01793077728590072,0.007609231945180871
5.75,0.05638000097241986,0.01755522921997138,0.007350787423695448
5.800000000000001,0.05538851669931175,0.017187834207388744,0.00710278542018391
5.8500000000000005,0.0544151919686922,0.016828467487864887,0.006864740557875279
5.9,0.05345974067443728,0.016477000253698627,0.0066361927607768946
5.95,0.05252187759616917,0.016133300324890326,0.006416705799936185
6.0,0.051601318635582094,0.015797232782308067,0.006205865930986751
6.050000000000001,0.05069778105297767,0.015468660598123579,0.006003280619168445
6.1000000000000005,0.04981098369784687,0.015147445221527603,0.005808577342708572
6.15,0.04894064722065309,0.014833447053973162,0.005621402467060472
6.2,0.04808649425515524,0.014526525818038321,0.005441420188039669
6.25,0.047248249570332766,0.014226540900099966,0.005268311541554411
6.300000000000001,0.046425640201822806,0.013933351727961644,0.0051017734733337676
6.3500000000000005,0.04561839557757751,0.013646818149117862,0.004941517962641534
6.4,0.04482624764801983,0.013366800723654107,0.004787271198276539
6.45,0.04404893102023409,0.013093160906867865,0.004638772805322525
6.5,0.0432861830857232,0.01282576119686902,0.004495775117850592
6.550000000000001,0.04253774412854733,0.012564465334947334,0.004358042493208162
6.6000000000000005,0.04180335740694976,0.01230913855152295,0.004225350666765653
6.65,0.04108276921267047,0.012059647763345225,0.0040974861454497495
6.7,0.040375728920685014,0.011815861657612399,0.0039742456357947185
6.75,0.03968198904245913,0.011577650712485768,0.003855435504017219
6.800000000000001,0.03900130528785948,0.011344887262648274,0.0037408712686296365
6.8500000000000005,0.038333436630049296,0.011117445647910179,0.0036303771235005884
6.9,0.037678145361298654,0.010895202364625196,0.0035237854858957644
6.95,0.03703519713252278,0.010678036116980994,0.0034209365680336326
7.0,0.03640436095589509,0.010465827768850272,0.0033216779756451383
7.050000000000001,0.03578540923694696,0.010258460304711918,0.0032258643325243667
7.1000000000000005,0.035178117750336683,0.010055818889370108,0.0031333569231182406
7.15,0.034582265664139085,0.009857790989574608,0.0030440233498050984
7.2,0.033997635553703276,0.009664266435574947,0.002957737211570197
7.25,0.03342401341748129,0.009475137360320377,0.0028743778077253233
7.300000000000001,0.03286118868392369,0.009290298090599211,0.0027938298570251187
7.3500000000000005,0.032308954205414235,0.00910964511683031,0.002715983222752462
7.4,0.03176710624104346,0.00893307717237428,0.0026407326510029926
7.45,0.031235444433833595,0.0087604953194772,0.002567977534007149
7.5,0.030713771788192037,0.00859180292406954,0.0024976216916031482
7.550000000000001,0.0302018946507637,0.008426905525030335,0.0024295731533018412
7.6000000000000005,0.029699622694510007,0.008265710723133039,0.002363743942309644
7.65,0.029206768903394773,0.008108128191319645,0.002300049880579053
7.7,0.02872314955409729,0.007954069766447582,0.00223841041810185
7.75,0.028248584191633865,0.007803449485273956,0.0021787484655303034
7.800000000000001,0.02778289559744037,0.007656183487162786,0.002120990218438998
7.8500000000000005,0.027325909751000993,0.007512189856132511,0.002065064990180258
7.9,0.026877455788653998,0.007371388544183826,0.002010905071538215
7.95,0.02643736596439568,0.007233701425894095,0.0019584456063609173
8.0,0.026005475616215967,0.007099052384168841,0.0019076244579269482
8.05,0.025581623137912384,0.006967367289300775,0.0018583820645555536
8.1,0.02516564995229255,0.006838573852111831,0.001810661311473331
8.15,0.024757400479763752,0.006712601473927922,0.0017644074347369675
8.200000000000001,0.024356722098066885,0.006589381220829542,0.0017195679324819326
8.25,0.023963465093585306,0.006468845910786639,0.0016760924503310237
8.3,0.023577482609470967,0.006350930175107524,0.0016339326548104
8.35,0.02319863062155501,0.0062355703831807946,0.0015930421427438894
8.4,0.02282676777992653,0.006122704471617675,0.0015533763902697078
8.450000000000001,0.0224617556161549,0.0060122718261880394,0.001514892682625208
8.5,0.022103458276080158,0.005904213307542027,0.0014775495617275097
8.55,0.021751742604924837,0.005798471352891107,0.0014413088905657358
8.6,0.02140647807936867,0.0056949900015310405,0.001406131468405086
8.65,0.02106753675452085,0.005593714775881655,0.001371981366519157
8.700000000000001,0.020734793208480966,0.0054945925094191505,0.0013388236588394735
8.75,0.020408124492704818,0.005397571272485554,0.0013066247365488405
8.8,0.020087410093112712,0.0053026004405755936,0.0012753522454578045
8.85,0.01977253190047792,0.005209630793944163,0.001244975102048017
8.9,0.01946337418299632,0.005118614503157112,0.0012154634707501456
8.950000000000001,0.019159823552586826,0.005029504980203156,0.0011867886449015484
9.0,0.018861769160778252,0.0049422567223148875,0.001158922937298485
9.05,0.018569101442980324,0.004856825284559348,0.00113183968473796
9.1,0.018281714468568733,0.004773167377953838,0.0011055132913543651
9.15,0.017999503488832242,0.00469124095412834,0.0010799191666276812
9.200000000000001,0.017722366103643493,0.004611005152727113,0.0010550335818126399
9.25,0.017450201994718542,0.004532420137021164,0.0010308336107848932
9.3,0.01718291267266919,0.004455446964491119,0.0010072971973738147
9.35,0.016920402588397245,0.0043800476024443945,0.0009844031867094795
9.4,0.016662576805792514,0.004306185042772296,0.0009621312073988264
9.450000000000001,0.01640934323557715,0.004233823364282889,0.0009404615326237375
9.5,0.016160611440532876,0.004162927647939434,0.0009193750960214707
9.55,0.015916293172242153,0.00409346380862184,0.0008988535979984423
9.600000000000001,0.01567630058423358,0.004025398497439775,0.0008788794856770438
9.65,0.015440549310945397,0.003958699153700472,0.0008594357844308473
9.700000000000001,0.01520895694319551,0.0038933341260131995,0.000840506004612046
9.75,0.014981440795931047,0.0038292727087269923,0.0008220742406076952
9.8,0.014757921447370976,0.0037664850313279524,0.0008041252720945579
9.850000000000001,0.01453832067261275,0.0037049418953760123,0.000786644463670223
9.9,0.014322562571673875,0.003644614710744483,0.0007696175797715944
9.950000000000001,0.014110571407291033,0.003585475576322216,0.0007530307780823799
10.0,0.013902273524702318,0.003527497398760695,0.0007368707674112235
