theta_bin_left_deg,theta_bin_right_deg,theta_bin_center_deg,counts,mean_et_keV,std_et_keV,mean_Eprime_k_keV,std_Eprime_k_keV,mean_Eprime_from_et_keV
0.0,2.0,1.0,20,240.19053191991293,283.996284489364,661.7192705481235,0.1613131684723638,421.809468080087
2.0,4.0,3.0,83,115.8512171545963,214.80539583429558,660.6693303798457,0.4458330667400066,546.1487828454037
4.0,6.0,5.0,134,207.3504539522181,262.81559537902905,658.5865062052743,0.7753959804977293,454.64954604778194
6.0,8.0,7.0,153,163.2005530577345,240.8696811293753,654.0383713495362,16.991940433486842,498.7994469422655
8.0,10.0,9.0,182,187.50911517859845,244.9260805810717,648.622269174036,38.84689287248245,474.4908848214015
10.0,12.0,11.0,260,186.65874976374346,237.58815793523283,642.9967233909167,42.10978061351747,475.34125023625654
12.0,14.0,13.0,289,169.04921925971595,218.43061577737984,640.6631650024053,1.8563917796888967,492.9507807402841
14.0,16.0,15.0,336,179.76526147703626,221.04744536005637,631.0992918785205,32.52752702649088,482.23473852296377
16.0,18.0,17.0,333,167.61941768756432,200.3972274648794,623.789902791976,36.369138524433446,494.38058231243565
18.0,20.0,19.0,326,129.60339603589574,169.64855326396952,617.1489218557848,21.3486463714377,532.3966039641043
20.0,22.0,21.0,309,86.25431153099055,110.35784081514029,609.6082426220603,2.6406103834807015,575.7456884690095
22.0,24.0,23.0,259,68.58226283994777,50.776241170870556,600.1932534427266,2.9476907543729536,593.4177371600522
24.0,26.0,25.0,268,85.67083357369944,61.80643901662305,590.1588366445595,2.9675531410310936,576.3291664263005
26.0,28.0,27.0,299,85.2739708097954,26.820071059893415,578.5077977070081,24.849179776858314,576.7260291902046
28.0,30.0,29.0,303,96.6735590519899,41.23029082583352,569.5103204053089,3.1358028460598155,565.32644094801
30.0,32.0,31.0,268,109.59805019492322,47.785110835163714,557.4737903461221,13.033750338462205,552.4019498050768
32.0,34.0,33.0,260,120.06412625644128,50.95549862016726,547.2425270270938,13.158632096514152,541.9358737435587
34.0,36.0,35.0,267,128.49006547506283,48.2228850677605,535.1385720137413,22.34183644744644,533.5099345249372
36.0,38.0,37.0,253,141.26181998073022,56.22876832028724,523.3837092291387,22.599691388079318,520.7381800192699
38.0,40.0,39.0,285,143.86188377248382,45.626717974042,511.2017689862307,27.349461141149945,518.1381162275162
40.0,42.0,41.0,288,150.98066372005357,52.05040038101667,501.49889734005865,12.75794915010208,511.0193362799464
42.0,44.0,43.0,255,162.274743503648,49.18150990039528,491.2620822011381,3.303632215155933,499.725256496352
44.0,46.0,45.0,219,173.44100857941245,48.12937677837936,479.9324019940929,3.1336768937186243,488.5589914205876
46.0,48.0,47.0,265,188.7257018486017,67.17183766954517,468.383221167062,3.176690767568038,473.2742981513983
48.0,50.0,49.0,256,180.31503431766077,60.74631989434326,457.8596022179997,3.160334130813781,481.6849656823392
50.0,52.0,51.0,227,195.1847244177946,66.59169258074535,443.5747554883096,29.783466952966126,466.8152755822054
52.0,54.0,53.0,225,205.21725624386164,77.1843683227154,435.09328921959917,21.488978535885877,456.78274375613836
54.0,56.0,55.0,216,211.60100878630044,82.16151401035007,424.5109737132512,21.842798713281624,450.39899121369956
56.0,58.0,57.0,225,227.6915675532441,77.94539595670341,416.64377317554045,2.9698676481748243,434.30843244675583
58.0,60.0,59.0,210,227.89417374548827,81.5678049980108,405.3063236752351,12.439592868087134,434.1058262545117
60.0,62.0,61.0,195,228.78627256441482,98.51061285558572,394.1614932976245,26.175567468944028,433.21372743558516
62.0,64.0,63.0,191,236.24592433195298,91.56850186077689,384.9363509527099,24.845688135697507,425.754075668047
64.0,66.0,65.0,207,242.7919847635277,95.34195918316118,378.5693175917089,2.665370414916294,419.2080152364723
66.0,68.0,67.0,179,250.25793962518853,94.61964417540317,370.0724852838925,2.4718547882588293,411.74206037481144
68.0,70.0,69.0,204,256.1019329477154,97.80761219770336,361.55897715566755,2.9615631676959637,405.8980670522846
70.0,72.0,71.0,181,227.29880235327107,124.03399014549872,352.03073867636635,15.947674373338302,434.701197646729
72.0,74.0,73.0,175,259.6017612918164,107.54499491857798,344.11628969905723,14.282001818966855,402.3982387081836
74.0,76.0,75.0,189,249.404990621666,120.62253120701513,336.55280921348685,12.704308596985435,412.59500937833405
76.0,78.0,77.0,176,262.94119604373884,112.31059536762109,328.9682418224784,16.182459542795375,399.05880395626116
78.0,80.0,79.0,168,278.71340887565174,114.3386762491237,321.45167864740824,19.11318922109592,383.28659112434826
80.0,82.0,81.0,145,275.45192042259805,130.49644481954573,314.5314045155867,19.851173492320147,386.54807957740195
82.0,84.0,83.0,163,271.96494448642886,130.28717726227177,309.583965842794,1.8989095314435152,390.03505551357114
84.0,86.0,85.0,142,263.35222666510293,131.32111801782,303.1807178546307,1.887556258029327,398.64777333489707
86.0,88.0,87.0,140,261.9262374491501,137.5898090478165,297.10212186748305,1.7775382545443155,400.0737625508499
88.0,90.0,89.0,157,269.26123101766154,141.89966651507237,289.66755136291926,13.047477382278196,392.73876898233846
90.0,92.0,91.0,150,280.2434271256097,132.51910391123224,285.83562346322026,4.35965894244254,381.7565728743903
92.0,94.0,93.0,147,246.31933877412408,149.10854358123888,279.8430398723161,1.577970210105418,415.6806612258759
94.0,96.0,95.0,133,271.70143833671955,139.31334818416514,274.9930210043652,1.458611565387812,390.29856166328045
96.0,98.0,97.0,152,277.1840464613695,145.00371078676628,268.24062772958763,13.722918727588159,384.8159535386305
98.0,100.0,99.0,144,285.85688240335685,149.68024329557383,265.0728512953141,1.6849708289172127,376.14311759664315
100.0,102.0,101.0,150,275.3065076903039,151.7721201354751,260.7341980047494,5.551949413713336,386.6934923096961
102.0,104.0,103.0,144,290.07708173072547,146.58938943577073,255.53287913246277,4.8583273876807125,371.92291826927453
104.0,106.0,105.0,153,300.9227980491462,144.55371462171246,251.58496621235332,1.6488824412823706,361.0772019508538
106.0,108.0,107.0,148,276.7947318659234,156.17089197557982,247.521082245235,1.9134126221610903,385.2052681340766
108.0,110.0,109.0,144,274.00094776602367,159.66159412751279,243.37068286347798,4.69779218566456,387.99905223397633
110.0,112.0,111.0,142,296.8106954140179,159.48525005157055,240.47416634342107,7.32454167788334,365.1893045859821
112.0,114.0,113.0,127,306.9711540509411,151.65685922946153,234.8218217861347,14.498657599129665,355.0288459490589
114.0,116.0,115.0,152,295.7490244851478,157.6091205705835,233.15765007409894,1.6801403494783118,366.2509755148522
116.0,118.0,117.0,146,299.05419714613794,160.26133101229607,229.5858765834561,5.340815570275702,362.94580285386206
118.0,120.0,119.0,124,285.95772076090475,166.35893682323174,226.58236878948316,1.3148639379930624,376.04227923909525
120.0,122.0,121.0,130,295.2645207172458,157.32635410971048,223.28648871789784,6.98264033191021,366.7354792827542
122.0,124.0,123.0,112,294.78188297436606,160.81416975768795,221.52522928044158,5.627908048226982,367.21811702563394
124.0,126.0,125.0,135,282.09195037775,176.38910714278995,217.84388301378434,0.7284546371582411,379.90804962225
126.0,128.0,127.0,116,286.84539175919315,181.29206873637844,216.16551391822742,6.893247218774848,375.15460824080685
128.0,130.0,129.0,107,286.04417671849137,167.0643329007205,212.76448409936515,0.6673861727487561,375.9558232815086
130.0,132.0,131.0,111,276.6729039081113,174.9313493111424,210.43073005278305,0.6007132133358023,385.3270960918887
132.0,134.0,133.0,109,286.83439570763886,168.61223179817893,208.25676025584445,4.2492964148599786,375.1656042923611
134.0,136.0,135.0,99,296.67418620233684,177.4121939796635,206.1211169504569,0.6165448520653299,365.3258137976631
136.0,138.0,137.0,96,310.54010195784525,166.88613692698877,204.4561681055636,2.541163920645604,351.45989804215475
138.0,140.0,139.0,110,301.9782184139269,169.66856839504086,201.660827742338,4.43205076723891,360.0217815860731
140.0,142.0,141.0,98,305.0391342077462,175.17144208421317,200.2928889810382,1.6829134202749072,356.9608657922538
142.0,144.0,143.0,86,267.0072845200822,177.18092455304242,198.76441332867236,0.43621921925073587,394.9927154799178
144.0,146.0,145.0,98,278.66671400701983,175.86630526864894,197.16567456943352,0.5159632972330609,383.33328599298017
146.0,148.0,147.0,76,298.7773059206572,177.75189348381977,195.69988101135425,0.41555340581574546,363.2226940793428
148.0,150.0,149.0,82,274.7646817189004,177.20161140526224,193.9026254200149,3.6053793565437067,387.2353182810996
150.0,152.0,151.0,88,288.69365205513157,186.35656250944538,193.09628014279426,0.35437496442959165,373.3063479448685
152.0,154.0,153.0,63,348.44943842592414,159.91648085989593,191.88137558885333,0.31564277168218935,313.55056157407586
154.0,156.0,155.0,66,323.56626443706733,158.60802872741854,190.7860593414343,0.30226812022276073,338.43373556293267
156.0,158.0,157.0,78,294.9104800500963,171.10331096882007,189.87220797411888,1.8028025837341526,367.0895199499037
158.0,160.0,159.0,56,282.8973784334789,184.06034345437695,188.99487343285256,0.24070543149258464,379.1026215665211
160.0,162.0,161.0,57,292.206363026422,170.90176186353068,188.04332791384874,0.24039581954216327,369.793636973578
162.0,164.0,163.0,53,258.5722249641953,175.52980751668366,187.32326459889515,0.18146417667755788,403.4277750358047
164.0,166.0,165.0,29,325.4352607119356,168.60537392657915,186.67444151344583,0.1617416512130265,336.5647392880644
166.0,168.0,167.0,34,273.9294350525226,176.55556179754845,186.31679156122544,1.4381978693422717,388.0705649474774
168.0,170.0,169.0,36,244.41479871972604,169.2427492631763,185.60203594426537,0.12294084582327582,417.58520128027396
170.0,172.0,171.0,28,306.114493183579,164.8974772610775,185.2069919684736,0.10085743182852307,355.885506816421
172.0,174.0,173.0,14,381.9955522281952,113.2008893785198,184.28938311436605,2.1311092167275767,280.0044477718048
174.0,176.0,175.0,10,368.8608743114927,148.5497891943973,184.61179719024145,0.06558838843170835,293.1391256885073
176.0,178.0,177.0,5,361.2476359321219,206.00848248376124,184.46914758127727,0.03448946454484476,300.7523640678781
178.0,180.0,179.0,3,404.8656290113168,78.8609276726768,184.67718815665418,0.5580336386310003,257.1343709886832
