Q,J(Q)
0.0,0.8488263631567752
0.05,0.842491864288223
0.1,0.8238625053812187
0.15000000000000002,0.7940153704745085
0.2,0.7546035459902487
0.25,0.7076720503745473
0.30000000000000004,0.6554496950699753
0.35000000000000003,0.600150000162216
0.4,0.543807123060585
0.45,0.4881615895407669
0.5,0.4345990979362689
0.55,0.3841365783771565
0.6000000000000001,0.33744432944037783
0.65,0.2948913504940367
0.7000000000000001,0.25660201023557944
0.75,0.22251473814336967
0.8,0.19243644062513038
0.8500000000000001,0.166089113798696
0.9,0.1431472914511401
0.9500000000000001,0.12326644276510398
1.0,0.1061032953945969
1.05,0.09132945082029426
1.1,0.07863973448951911
1.1500000000000001,0.067756613486115
1.2000000000000002,0.05843181554546242
1.25,0.050446058291234185
1.3,0.043607583351152814
1.35,0.037750004504495956
1.4000000000000001,0.032729828253816665
1.4500000000000002,0.028423888383032867
1.5,0.02472684899500847
1.55,0.02154886785661966
1.6,0.018813468286299973
1.6500000000000001,0.016455638581922498
1.7000000000000002,0.014420159217817892
1.75,0.012660146685444337
1.8,0.011135796600821996
1.85,0.009813305854041336
1.9000000000000001,0.008663952914927707
1.9500000000000002,0.00766331608361671
2.0,0.006790610905254201
2.0500000000000003,0.006028129769306987
2.1,0.005360768638835279
2.15,0.004775627751576318
2.2,0.00426167491533937
2.25,0.0038094616401385282
2.3000000000000003,0.0034108837911569576
2.35,0.0030589797093821445
2.4000000000000004,0.002747759839746011
2.45,0.0024720628442118156
2.5,0.002227433976056157
2.5500000000000003,0.002010022168565658
2.6,0.0018164928627674708
2.6500000000000004,0.0016439540796193118
2.7,0.0014898936457266676
2.75,0.001352125819943878
2.8000000000000003,0.0012287458513987352
2.85,0.0011180912363529943
2.9000000000000004,0.001018708639365162
2.95,0.0009293256097983228
3.0,0.0008488263631567752
3.0500000000000003,0.0007762310125256724
3.1,0.0007106777322814589
3.1500000000000004,0.0006514074173738536
3.2,0.0005977504694679717
3.25,0.0005491153982571853
3.3000000000000003,0.0005049789741280224
3.35,0.0004648777085878416
3.4000000000000004,0.00042840047271089295
3.45,0.0003951820923645687
3.5,0.0003648977830157352
3.5500000000000003,0.00033725830721223975
3.6,0.0003120057549911809
3.6500000000000004,0.00028890986198725486
3.7,0.0002677647923219795
3.75,0.00024838632379906066
3.8000000000000003,0.00023060938180634487
3.85,0.00021428587587641272
3.9000000000000004,0.0001992827992918553
3.95,0.00018548055761031647
4.0,0.00017277149667347346
4.05,0.0001610586046751596
4.1000000000000005,0.00015025436629937896
4.15,0.000140279749885462
4.2,0.0001310633111079716
4.25,0.00012254039883479766
4.3,0.00011465245070024164
4.3500000000000005,0.00010734636754491307
4.4,0.00010057395726832377
4.45,9.429143984490919e-05
4.5,8.845900629681843e-05
4.55,8.304042532013968e-05
4.6000000000000005,7.800269204483592e-05
4.65,7.331571408923911e-05
4.7,6.895203066174006e-05
4.75,6.488656097751208e-05
4.800000000000001,6.109637870714275e-05
4.8500000000000005,5.7560509565879656e-05
4.9,5.4259749494487805e-05
4.95,5.1176501182079805e-05
5.0,4.829462694337592e-05
5.050000000000001,4.559931619258473e-05
5.1000000000000005,4.307696595766799e-05
5.15,4.0715073055814184e-05
5.2,3.85021367066374e-05
5.25,3.642757049665924e-05
5.300000000000001,3.448162272938508e-05
5.3500000000000005,3.265530430179334e-05
5.4,3.094032334209063e-05
5.45,2.9329025926694148e-05
5.5,2.781434226792121e-05
5.550000000000001,2.6389737828967954e-05
5.6000000000000005,2.5049168880460496e-05
5.65,2.3787042064052533e-05
5.7,2.259817757400109e-05
5.75,2.1477775608052953e-05
5.800000000000001,2.042138577491635e-05
5.8500000000000005,1.942487917759457e-05
5.9,1.8484422920376597e-05
5.95,1.7596456812718185e-05
6.0,1.675767206595414e-05
6.050000000000001,1.596499179907154e-05
6.1000000000000005,1.5215553187916035e-05
6.15,1.4506691108438994e-05
6.2,1.3835923139135584e-05
6.25,1.3200935800859001e-05
6.300000000000001,1.2599571923889437e-05
6.3500000000000005,1.2029819042635146e-05
6.4,1.1489798727774993e-05
6.45,1.0977756774133829e-05
6.5,1.0492054170213168e-05
6.550000000000001,1.0031158782172685e-05
6.6000000000000005,9.593637691250726e-06
6.65,9.178150129197242e-06
6.7,8.783440961332882e-06
6.75,8.408334671399471e-06
6.800000000000001,8.05172980648078e-06
6.8500000000000005,7.71259384399234e-06
6.9,7.389958446105423e-06
6.95,7.082915070018818e-06
7.0,6.790610905254201e-06
7.050000000000001,6.512245111655755e-06
7.1000000000000005,6.247065334047199e-06
7.15,5.994364471562719e-06
7.2,5.753477681542766e-06
7.25,5.5237795995896685e-06
7.300000000000001,5.30468175892783e-06
7.3500000000000005,5.095630193624116e-06
7.4,4.896103211508506e-06
7.45,4.705609323806022e-06
7.5,4.5236853195580086e-06
7.550000000000001,4.349894473884847e-06
7.6000000000000005,4.1838248800309295e-06
7.65,4.025087895944532e-06
7.7,3.873316696887249e-06
7.75,3.7281649262458185e-06
7.800000000000001,3.5893054373399006e-06
7.8500000000000005,3.4564291195873508e-06
7.9,3.329243802908729e-06
7.95,3.207473234729595e-06
8.0,3.090856124376059e-06
8.05,2.979145250059975e-06
8.1,2.8721066240180874e-06
8.15,2.769518711707154e-06
8.200000000000001,2.6711717012674994e-06
8.25,2.576866819752562e-06
8.3,2.4864156928842924e-06
8.35,2.3996397453356367e-06
8.4,2.316369638763237e-06
8.450000000000001,2.236444745018206e-06
8.5,2.1597126521510726e-06
8.55,2.0860287010007533e-06
8.6,2.015255550317554e-06
8.65,1.9472627685178713e-06
8.700000000000001,1.8819264503047302e-06
8.75,1.8191288565141043e-06
8.8,1.7587580756633552e-06
8.85,1.70070770578561e-06
8.9,1.6448765552332266e-06
8.950000000000001,1.591168361225544e-06
9.0,1.5394915250010432e-06
9.05,1.489758862512914e-06
9.1,1.4418873696799154e-06
9.15,1.3957980012719347e-06
9.200000000000001,1.3514154625724084e-06
9.25,1.3086680130176945e-06
9.3,1.2674872810674698e-06
9.35,1.2278080896101711e-06
9.4,1.1895682912538806e-06
9.450000000000001,1.1527086128962105e-06
9.5,1.1171725090067244e-06
9.55,1.0829060230926726e-06
9.600000000000001,1.0498576568534234e-06
9.65,1.017978246561107e-06
9.700000000000001,9.872208462349662e-07
9.75,9.575406172047666e-07
9.8,9.288947236845226e-07
9.850000000000001,9.012422340020222e-07
9.9,8.745440271520835e-07
9.950000000000001,8.487627043625039e-07
10.0,8.238625053812187e-07
10.05,7.998092292114003e-07
10.100000000000001,7.765701590383168e-07
10.15,7.541139911075937e-07
10.200000000000001,7.324107673294001e-07
10.25,7.114318113969267e-07
10.3,6.911496682204471e-07
10.350000000000001,6.715380464903856e-07
10.4,6.525717641940848e-07
10.450000000000001,6.342266969215677e-07
10.5,6.164797288054778e-07
10.55,5.993087059496127e-07
10.600000000000001,5.826923922091693e-07
10.65,5.666104271938902e-07
10.700000000000001,5.510432863729257e-07
10.75,5.359722431673332e-07
10.8,5.213793329227963e-07
10.850000000000001,5.072473186614204e-07
10.9,4.935596585172967e-07
10.950000000000001,4.803004747660446e-07
11.0,4.674545243636996e-07
11.05,4.5500717091513757e-07
11.100000000000001,4.429443579968011e-07
11.15,4.3125258376272823e-07
11.200000000000001,4.199188767669179e-07
11.25,4.0893077293882346e-07
11.3,3.9827629365229477e-07
11.350000000000001,3.879439248316376e-07
11.4,3.7792259704156675e-07
11.450000000000001,3.682016665107813e-07
11.5,3.587708970416632e-07
11.55,3.4962044276118917e-07
11.600000000000001,3.407408316706165e-07
11.65,3.321229499537972e-07
11.700000000000001,3.23758027006154e-07
11.75,3.156376211484046e-07
11.8,3.077536059910377e-07
11.850000000000001,3.000981574173756e-07
11.9,2.9266374115476435e-07
11.950000000000001,2.854431009050482e-07
12.0,2.7842924700701963e-07
12.05,2.7161544560495637e-07
12.100000000000001,2.649952082987349e-07
12.15,2.5856228225227106e-07
12.200000000000001,2.52310640738261e-07
12.25,2.462344740983326e-07
12.3,2.4032818109879136e-07
12.350000000000001,2.3458636066317448e-07
12.4,2.2900380396377521e-07
12.450000000000001,2.2357548685522138e-07
12.5,2.182965626340454e-07
12.55,2.1316235510899644e-07
12.600000000000001,2.0816835196761856e-07
12.65,2.0331019842533973e-07
12.700000000000001,1.9858369114400965e-07
12.75,1.939847724074762e-07
12.8,1.895095245424005e-07
12.850000000000001,1.8515416457310297e-07
12.9,1.8091503909977755e-07
12.950000000000001,1.767886193899404e-07
13.0,1.727714966734735e-07
13.05,1.6886037763209067e-07
13.100000000000001,1.650520800745051e-07
13.15,1.6134352878899338e-07
13.200000000000001,1.5773175156545405e-07
13.25,1.5421387537944125e-07
13.3,1.5078712273100643e-07
13.350000000000001,1.4744880813153173e-07
13.4,1.4419633473205545e-07
13.450000000000001,1.4102719108690136e-07
13.5,1.3793894804671559e-07
13.55,1.3492925577528936e-07
13.600000000000001,1.3199584088481323e-07
13.65,1.2913650368445394e-07
13.700000000000001,1.2634911553738603e-07
13.75,1.2363161632163492e-07
13.8,1.209820119903011e-07
13.850000000000001,1.1839837222694237e-07
13.9,1.1587882819208026e-07
13.950000000000001,1.1342157035698497e-07
14.0,1.1102484642106738e-07
14.05,1.0868695930937064e-07
14.100000000000001,1.064062652468172e-07
14.15,1.0418117190601297e-07
14.200000000000001,1.020101366255579e-07
14.25,9.989166469594722e-08
14.3,9.782430771027574e-08
14.350000000000001,9.580666197708655e-08
14.4,9.383736699281776e-08
14.450000000000001,9.191510397141659e-08
14.5,9.003859442879734e-08
14.55,8.820659881991883e-08
14.600000000000001,8.64179152263581e-08
14.65,8.467137809234639e-08
14.700000000000001,8.296585700732256e-08
14.75,8.130025553314611e-08
14.8,7.967351007418656e-08
14.850000000000001,7.808458878858875e-08
14.9,7.653249053908184e-08
14.950000000000001,7.50162438817718e-08
15.0,7.353490609142363e-08
15.05,7.208756222180171e-08
15.100000000000001,7.067332419969874e-08
15.15,6.929132995134018e-08
15.200000000000001,6.794074255990714e-08
15.25,6.662074945297361e-08
15.3,6.533056161870264e-08
15.350000000000001,6.406941284969656e-08
15.4,6.283655901343972e-08
15.450000000000001,6.163127734831835e-08
15.5,6.045286578424248e-08
15.55,5.93006422869355e-08
15.600000000000001,5.81739442249957e-08
15.65,5.7072127758869775e-08
15.700000000000001,5.599456725091389e-08
15.75,5.4940654695751934e-08
15.8,5.390979917017083e-08
15.850000000000001,5.290142630182586e-08
15.9,5.191497775605608e-08
15.950000000000001,5.094991074013876e-08
16.0,5.000569752433977e-08
16.05,4.90818249791399e-08
16.1,4.8177794128044644e-08
16.150000000000002,4.729311971540605e-08
16.2,4.642732978870942e-08
16.25,4.5579965294798224e-08
16.3,4.47505796895322e-08
16.35,4.393873856039216e-08
16.400000000000002,4.314401926156514e-08
16.45,4.236601056106135e-08
16.5,4.1604312299430845e-08
16.55,4.0858535059666976e-08
16.6,4.0128299847896265e-08
16.650000000000002,3.941323778447264e-08
16.7,3.871298980510712e-08
16.75,3.802720637167849e-08
16.8,3.7355547192384315e-08
16.85,3.669768095090388e-08
16.900000000000002,3.605328504425799e-08
16.95,3.542204532906161e-08
17.0,3.4803655875877454e-08
17.05,3.419781873138962e-08
17.1,3.36042436881258e-08
17.150000000000002,3.3022648061468265e-08
17.2,3.245275647370272e-08
17.25,3.189430064486303e-08
17.3,3.1347019190140075e-08
17.35,3.081065742362995e-08
17.400000000000002,3.0284967168206346e-08
17.45,2.9769706571309105e-08
17.5,2.9264639926448852e-08
17.55,2.876953750023483e-08
17.6,2.828417536474005e-08
17.650000000000002,2.780833523502481e-08
17.7,2.734180431164583e-08
17.75,2.6884375127984575e-08
17.8,2.6435845402234985e-08
17.85,2.59960178938951e-08
17.900000000000002,2.5564700264614242e-08
17.95,2.5141704943251737e-08
18.0,2.4726848995008473e-08
18.05,2.431995399449798e-08
18.1,2.3920845902627597e-08
18.150000000000002,2.352935494716576e-08
18.2,2.3145315506875068e-08
18.25,2.2768565999095552e-08
18.3,2.2398948770666562e-08
18.35,2.203630999207899e-08
18.400000000000002,2.168049955475416e-08
18.45,2.133137097134893e-08
18.5,2.0988781278989773e-08
18.55,2.0652590945342637e-08
18.6,2.032266377742786e-08
18.650000000000002,1.999886683309305e-08
18.7,1.9681070335059776e-08
18.75,1.936914758746228e-08
18.8,1.9062974894800277e-08
18.85,1.876243148322928e-08
18.900000000000002,1.84673994241154e-08
18.95,1.817776355978388e-08
19.0,1.7893411431392516e-08
19.05,1.761423320886437e-08
19.1,1.7340121622815267e-08
19.150000000000002,1.7070971898414646e-08
19.200000000000003,1.6806681691119997e-08
19.25,1.6547151024227046e-08
19.3,1.6292282228179964e-08
19.35,1.604197988158769e-08
19.400000000000002,1.579615075389413e-08
19.450000000000003,1.5554703749651694e-08
19.5,1.5317549854349708e-08
19.55,1.5084602081750076e-08
19.6,1.4855775422685055e-08
19.650000000000002,1.4630986795272558e-08
19.700000000000003,1.441015499650654e-08
19.75,1.419320065518112e-08
19.8,1.3980046186108378e-08
19.85,1.3770615745591313e-08
19.900000000000002,1.3564835188114331e-08
19.950000000000003,1.3362632024215228e-08
20.0,1.3163935379503479e-08
20.05,1.2968675954790938e-08
20.1,1.2776785987302232e-08
20.150000000000002,1.2588199212932754e-08
20.200000000000003,1.2402850829523797e-08
20.25,1.2220677461124767e-08
20.3,1.2041617123213694e-08
20.35,1.1865609188848224e-08
20.400000000000002,1.1692594355719737e-08
20.450000000000003,1.1522514614084604e-08
20.5,1.1355313215547073e-08
20.55,1.1190934642669189e-08
20.6,1.1029324579383986e-08
20.650000000000002,1.0870429882188732e-08
20.700000000000003,1.0714198552095914e-08
20.75,1.0560579707320338e-08
20.8,1.040952355668115e-08
20.85,1.0260981373698685e-08
20.900000000000002,1.0114905471366117e-08
20.950000000000003,9.971249177576969e-09
21.0,9.829966811189888e-09
21.05,9.69101365871261e-09
21.1,9.554345951587908e-09
21.150000000000002,9.419920844064345e-09
21.200000000000003,9.287696391635647e-09
21.25,9.157631530032706e-09
21.3,9.029686054752815e-09
21.35,8.903820601111266e-09
21.400000000000002,8.779996624800639e-09
21.450000000000003,8.65817638294391e-09
21.5,8.538322915627606e-09
21.55,8.42040002790178e-09
21.6,8.304372272234099e-09
21.650000000000002,8.190204931405366e-09
21.700000000000003,8.077864001834572e-09
21.75,7.967316177321648e-09
21.8,7.858528833196553e-09
21.85,7.751470010863681e-09
21.900000000000002,7.646108402730799e-09
21.950000000000003,7.54241333751214e-09
22.0,7.440354765895562e-09
22.05,7.339903246563899e-09
22.1,7.2410299325610646e-09
22.150000000000002,7.143706557993573e-09
22.200000000000003,7.047905425058559e-09
22.25,6.9535993913895315e-09
22.3,6.860761857711397e-09
22.35,6.769366755796611e-09
22.400000000000002,6.679388536714305e-09
22.450000000000003,6.590802159364789e-09
22.5,6.503583079291781e-09
22.55,6.417707237765094e-09
22.6,6.333151051126697e-09
22.650000000000002,6.249891400393116e-09
22.700000000000003,6.167905621107622e-09
22.75,6.087171493435524e-09
22.8,6.007667232496351e-09
22.85,5.9293714789266944e-09
22.900000000000002,5.852263289667717e-09
22.950000000000003,5.776322128971548e-09
23.0,5.701527859620863e-09
23.05,5.62786073435617e-09
23.1,5.555301387505484e-09
23.150000000000002,5.4838308268110995e-09
23.200000000000003,5.413430425448541e-09
23.25,5.344081914232629e-09
23.3,5.275767374006006e-09
23.35,5.20846922820543e-09
23.400000000000002,5.142170235601297e-09
23.450000000000003,5.076853483206008e-09
23.5,5.0125023793469596e-09
23.55,4.9491006468998875e-09
23.6,4.886632316678678e-09
23.650000000000002,4.825081720977541e-09
23.700000000000003,4.764433487261857e-09
23.75,4.70467253200391e-09
23.8,4.645784054659861e-09
23.85,4.587753531784539e-09
23.900000000000002,4.5305667112805e-09
23.950000000000003,4.474209606778083e-09
24.0,4.4186684921432325e-09
24.05,4.363929896109846e-09
24.1,4.309980597033695e-09
24.150000000000002,4.2568076177647976e-09
24.200000000000003,4.204398220635409e-09
24.25,4.152739902560773e-09
24.3,4.1018203902498665e-09
24.35,4.051627635523461e-09
24.400000000000002,4.002149810736868e-09
24.450000000000003,3.9533753043048435e-09
24.5,3.905292716326136e-09
24.55,3.857890854305297e-09
24.6,3.811158728969387e-09
24.650000000000002,3.765085550177294e-09
24.700000000000003,3.7196607229193882e-09
24.75,3.6748738434054313e-09
24.8,3.630714695238512e-09
24.85,3.5871732456730624e-09
24.900000000000002,3.5442396419548286e-09
24.950000000000003,3.501904207740947e-09
25.0,3.460157439598139e-09
25.05,3.4189900035772038e-09
25.1,3.378392731862019e-09
25.150000000000002,3.338356619491232e-09
25.200000000000003,3.298872821150973e-09
25.25,3.2599326480368907e-09
25.3,3.221527564783878e-09
25.35,3.183649186461935e-09
25.400000000000002,3.146289275636557e-09
25.450000000000003,3.1094397394921873e-09
25.5,3.0730926270172518e-09
25.55,3.0372401262493126e-09
25.6,3.001874561578998e-09
25.650000000000002,2.966988391111288e-09
25.700000000000003,2.932574204082851e-09
25.75,2.898624718334146e-09
25.8,2.865132777835003e-09
25.85,2.8320913502624742e-09
25.900000000000002,2.7994935246297383e-09
25.950000000000003,2.767332508964874e-09
26.0,2.735601628038409e-09
26.05,2.704294321138456e-09
26.1,2.6734041398924373e-09
26.150000000000002,2.6429247461342455e-09
26.200000000000003,2.612849909815891e-09
26.25,2.5831735069625655e-09
26.3,2.553889517670159e-09
26.35,2.524992024144303e-09
26.400000000000002,2.4964752087799384e-09
26.450000000000003,2.4683333522805532e-09
26.5,2.4405608318161675e-09
26.55,2.4131521192192e-09
26.6,2.3861017792173936e-09
26.650000000000002,2.359404467702927e-09
26.700000000000003,2.3330549300369437e-09
26.75,2.3070479993886883e-09
26.8,2.281378595108491e-09
26.85,2.256041721133848e-09
26.900000000000002,2.231032464427863e-09
26.950000000000003,2.206345993449328e-09
27.0,2.1819775566537585e-09
27.05,2.1579224810246917e-09
27.1,2.1341761706345913e-09
27.150000000000002,2.1107341052347007e-09
27.200000000000003,2.0875918388732023e-09
27.25,2.0647449985411003e-09
27.3,2.042189282845165e-09
27.35,2.0199204607074166e-09
27.400000000000002,1.9979343700905e-09
27.450000000000003,1.9762269167484546e-09
27.5,1.9547940730022824e-09
27.55,1.9336318765397916e-09
27.6,1.9127364292392124e-09
27.650000000000002,1.8921038960160373e-09
27.700000000000003,1.871730503692611e-09
27.75,1.851612539889976e-09
27.8,1.8317463519414869e-09
27.85,1.8121283458277501e-09
27.900000000000002,1.7927549851324083e-09
27.950000000000003,1.7736227900183348e-09
28.0,1.7547283362238182e-09
28.05,1.7360682540782788e-09
28.1,1.7176392275371447e-09
28.150000000000002,1.699437993235448e-09
28.200000000000003,1.6814613395597562e-09
28.25,1.6637061057380636e-09
28.3,1.646169180947242e-09
28.35,1.6288475034377075e-09
28.400000000000002,1.6117380596749194e-09
28.450000000000003,1.5948378834973706e-09
28.5,1.5781440552907214e-09
28.55,1.5616537011777394e-09
28.6,1.5453639922237242e-09
28.650000000000002,1.529272143657075e-09
28.700000000000003,1.51337541410471e-09
28.75,1.4976711048420144e-09
28.8,1.4821565590570163e-09
28.85,1.4668291611285117e-09
28.900000000000002,1.4516863359178318e-09
28.950000000000003,1.4367255480739803e-09
29.0,1.4219443013518717e-09
29.05,1.407340137943385e-09
29.1,1.3929106378209954e-09
29.150000000000002,1.3786534180936993e-09
29.200000000000003,1.3645661323750009e-09
29.25,1.3506464701627117e-09
29.3,1.3368921562303053e-09
29.35,1.323300950029625e-09
29.400000000000002,1.3098706451046851e-09
29.450000000000003,1.2965990685163515e-09
29.5,1.2834840802776862e-09
29.55,1.2705235727997324e-09
29.6,1.2577154703475397e-09
29.650000000000002,1.245057728506212e-09
29.700000000000003,1.2325483336567875e-09
29.75,1.220185302461743e-09
29.8,1.2079666813599402e-09
29.85,1.1958905460708247e-09
29.900000000000002,1.1839550011076784e-09
29.950000000000003,1.1721581792997684e-09
30.0,1.160498241323196e-09
30.05,1.1489733752402803e-09
30.1,1.1375817960473136e-09
30.150000000000002,1.126321745230512e-09
30.200000000000003,1.115191490330004e-09
30.25,1.1041893245117042e-09
30.3,1.0933135661469025e-09
30.35,1.082562558399439e-09
30.400000000000002,1.071934668820293e-09
30.450000000000003,1.061428288949454e-09
30.5,1.0510418339249338e-09
30.55,1.0407737420987673e-09
30.6,1.0306224746598843e-09
30.650000000000002,1.0205865152637025e-09
30.700000000000003,1.0106643696683183e-09
30.75,1.0008545653771686e-09
30.8,9.91155651288033e-10
30.85,9.81566197348263e-10
30.900000000000002,9.720847942161039e-10
30.950000000000003,9.627100529280081e-10
31.0,9.534406045718104e-10
31.05,9.442750999656628e-10
31.1,9.352122093426138e-10
31.150000000000002,9.262506220407231e-10
31.200000000000003,9.173890461986104e-10
31.25,9.086262084563289e-10
31.3,8.999608536614649e-10
31.35,8.913917445803679e-10
31.400000000000002,8.82917661614406e-10
31.450000000000003,8.745374025211565e-10
31.5,8.662497821404361e-10
31.55,8.580536321250811e-10
31.6,8.499478006763872e-10
31.650000000000002,8.419311522841199e-10
31.700000000000003,8.340025674710093e-10
31.75,8.261609425416496e-10
31.8,8.184051893357104e-10
31.85,8.107342349853954e-10
31.900000000000002,8.031470216770507e-10
31.950000000000003,7.95642506416858e-10
32.0,7.882196608005341e-10
32.050000000000004,7.808774707869532e-10
32.1,7.736149364756395e-10
32.15,7.664310718880294e-10
32.2,7.593249047524611e-10
32.25,7.522954762928092e-10
32.300000000000004,7.453418410206902e-10
32.35,7.384630665311939e-10
32.4,7.316582333020516e-10
32.45,7.24926434496198e-10
32.5,7.182667757676548e-10
32.550000000000004,7.116783750706683e-10
32.6,7.051603624720639e-10
32.65,6.987118799667297e-10
32.7,6.923320812961964e-10
32.75,6.860201317702478e-10
32.800000000000004,6.797752080914957e-10
32.85,6.735964981828921e-10
32.9,6.674832010180936e-10
32.95,6.614345264546533e-10
33.0,6.554496950699754e-10
33.050000000000004,6.4952793799998e-10
33.1,6.436684967804426e-10
33.15,6.378706231909445e-10
33.2,6.321335791013978e-10
33.25,6.264566363211002e-10
33.300000000000004,6.20839076450258e-10
33.35,6.152801907339598e-10
33.4,6.09779279918527e-10
33.45,6.043356541102254e-10
33.5,5.989486326362807e-10
33.550000000000004,5.936175439081562e-10
33.6,5.883417252870645e-10
33.65,5.831205229516582e-10
33.7,5.779532917678744e-10
33.75,5.728393951608883e-10
33.800000000000004,5.677782049891342e-10
33.85,5.627691014203729e-10
33.9,5.578114728097477e-10
33.95,5.529047155798147e-10
34.0,5.480482341025029e-10
34.050000000000004,5.432414405829628e-10
34.1,5.38483754945292e-10
34.15,5.33774604720079e-10
34.2,5.291134249337537e-10
34.25,5.244996579997072e-10
34.300000000000004,5.199327536111405e-10
34.35,5.154121686356292e-10
34.4,5.109373670113577e-10
34.45,5.065078196450073e-10
34.5,5.021230043112628e-10
34.550000000000004,4.977824055539058e-10
34.6,4.934855145884817e-10
34.65,4.892318292064935e-10
34.7,4.850208536811141e-10
34.75,4.808520986743815e-10
34.800000000000004,4.767250811458504e-10
34.85,4.72639324262683e-10
34.9,4.685943573111453e-10
34.95,4.645897156094922e-10
35.0,4.6062494042221505e-10
35.050000000000004,4.566995788756232e-10
35.1,4.528131838747502e-10
35.15,4.4896531402154467e-10
35.2,4.451555335343397e-10
35.25,4.4138341216857213e-10
35.300000000000004,4.376485251387241e-10
35.35,4.3395045304148477e-10
35.4,4.30288781780088e-10
35.45,4.266631024898258e-10
35.5,4.2307301146471036e-10
35.550000000000004,4.195181100852589e-10
35.6,4.1599800474739617e-10
35.65,4.1251230679244304e-10
35.7,4.090606324381808e-10
35.75,4.05642602710973e-10
35.800000000000004,4.0225784337891866e-10
35.85,3.989059848860348e-10
35.9,3.9558666228743376e-10
35.95,3.9229951518549395e-10
36.0,3.890441876669987e-10
36.050000000000004,3.858203282412279e-10
36.1,3.8262758977899313e-10
36.15,3.794656294525887e-10
36.2,3.763341086766579e-10
36.25,3.732326930499493e-10
36.300000000000004,3.7016105229794824e-10
36.35,3.67118860216379e-10
36.4,3.641057946155494e-10
36.45,3.611215372655362e-10
36.5,3.581657738421922e-10
36.550000000000004,3.552381938739577e-10
36.6,3.523384906894743e-10
36.65,3.494663613659742e-10
36.7,3.466215066784439e-10
36.75,3.4380363104954504e-10
36.800000000000004,3.410124425002772e-10
36.85,3.3824765260137696e-10
36.9,3.3550897642543563e-10
36.95,3.3279613249972715e-10
37.0,3.3010884275973593e-10
37.050000000000004,3.274468325033667e-10
37.1,3.248098303458363e-10
37.15,3.221975681752237e-10
37.2,3.196097811086793e-10
37.25,3.170462074492759e-10
37.300000000000004,3.145065886434914e-10
37.35,3.119906692393189e-10
37.4,3.094981968449845e-10
37.45,3.0702892208827373e-10
37.5,3.0458259857644946e-10
37.550000000000004,3.021589828567528e-10
37.6,2.9975783437748303e-10
37.65,2.973789154496399e-10
37.7,2.950219912091237e-10
37.75,2.926868295794868e-10
37.800000000000004,2.903732012352191e-10
37.85,2.880808795655703e-10
37.9,2.8580964063889033e-10
37.95,2.8355926316748623e-10
38.0,2.8132952847298755e-10
38.050000000000004,2.7912022045220414e-10
38.1,2.769311255434821e-10
38.15,2.747620326935362e-10
38.2,2.726127333247613e-10
38.25,2.7048302130301165e-10
38.300000000000004,2.683726929058383e-10
38.35,2.662815467911836e-10
38.400000000000006,2.6420938396651823e-10
38.45,2.621560077584219e-10
38.5,2.6012122378259254e-10
38.550000000000004,2.581048399142848e-10
38.6,2.5610666625916684e-10
38.650000000000006,2.5412651512458794e-10
38.7,2.521642009912575e-10
38.75,2.5021954048531845e-10
38.800000000000004,2.4829235235081897e-10
38.85,2.4638245742257157e-10
38.900000000000006,2.444896785993921e-10
38.95,2.426138408177179e-10
39.0,2.4075477102559376e-10
39.050000000000004,2.389122981570244e-10
39.1,2.370862531066867e-10
39.150000000000006,2.352764687049927e-10
39.2,2.3348277969350485e-10
39.25,2.3170502270069095e-10
39.300000000000004,2.2994303621801876e-10
39.35,2.281966605763835e-10
39.400000000000006,2.264657379228614e-10
39.45,2.2475011219778802e-10
39.5,2.2304962911215233e-10
39.550000000000004,2.2136413612530513e-10
39.6,2.1969348242297627e-10
39.650000000000006,2.1803751889559295e-10
39.7,2.1639609811690087e-10
39.75,2.1476907432287625e-10
39.800000000000004,2.1315630339093024e-10
39.85,2.1155764281939965e-10
39.900000000000006,2.0997295170731604e-10
39.95,2.084020907344566e-10
40.0,2.0684492214166408e-10
40.050000000000004,2.0530130971143812e-10
40.1,2.037711187487921e-10
40.150000000000006,2.0225421606236875e-10
40.2,2.0075046994581598e-10
40.25,1.9925975015941326e-10
40.300000000000004,1.9778192791194984e-10
40.35,1.9631687584284905e-10
40.400000000000006,1.948644680045323e-10
40.45,1.9342457984502567e-10
40.5,1.919970881907984e-10
40.550000000000004,1.9058187122983495e-10
40.6,1.891788084949359e-10
40.650000000000006,1.8778778084724183e-10
40.7,1.8640867045998103e-10
40.75,1.8504136080243434e-10
40.800000000000004,1.8368573662411566e-10
40.85,1.8234168393916534e-10
40.900000000000006,1.8100909001095072e-10
40.95,1.796878433368751e-10
41.0,1.7837783363338723e-10
41.050000000000004,1.7707895182119262e-10
41.1,1.7579109001066162e-10
41.150000000000006,1.7451414148743024e-10
41.2,1.7324800069819532e-10
41.25,1.7199256323669497e-10
41.300000000000004,1.707477258298774e-10
41.35,1.6951338632425273e-10
41.400000000000006,1.682894436724236e-10
41.45,1.6707579791979628e-10
41.5,1.6587235019146493e-10
41.550000000000004,1.6467900267927038e-10
41.6,1.6349565862902895e-10
41.650000000000006,1.6232222232792833e-10
41.7,1.6115859909209057e-10
41.75,1.6000469525429685e-10
41.800000000000004,1.588604181518736e-10
41.85,1.577256761147384e-10
41.900000000000006,1.566003784535995e-10
41.95,1.5548443544831266e-10
42.0,1.5437775833638672e-10
42.050000000000004,1.5328025930164145e-10
42.1,1.5219185146301195e-10
42.150000000000006,1.5111244886349772e-10
42.2,1.5004196645925726e-10
42.25,1.4898032010884186e-10
42.300000000000004,1.4792742656257032e-10
42.35,1.4688320345204098e-10
42.400000000000006,1.458475692797779e-10
42.45,1.448204434090131e-10
42.5,1.438017460535979e-10
42.550000000000004,1.4279139826804583e-10
42.6,1.4178932193770365e-10
42.650000000000006,1.4079543976904714e-10
42.7,1.3980967528010345e-10
42.75,1.3883195279099411e-10
42.800000000000004,1.378621974146007e-10
42.85,1.369003350473497e-10
42.900000000000006,1.3594629236011348e-10
42.95,1.3499999678922972e-10
43.0,1.3406137652763312e-10
43.050000000000004,1.3313036051610126e-10
43.1,1.3220687843461183e-10
43.150000000000006,1.312908606938081e-10
43.2,1.3038223842657493e-10
43.25,1.2948094347971922e-10
43.300000000000004,1.2858690840575713e-10
43.35,1.2770006645480492e-10
43.400000000000006,1.2682035156657117e-10
43.45,1.2594769836245161e-10
43.5,1.2508204213772172e-10
43.550000000000004,1.2422331885382894e-10
43.6,1.2337146513078154e-10
43.650000000000006,1.225264182396319e-10
43.7,1.2168811609505592e-10
43.75,1.2085649724802349e-10
43.800000000000004,1.2003150087856183e-10
43.85,1.1921306678860917e-10
43.900000000000006,1.1840113539495702e-10
43.95,1.1759564772228107e-10
44.0,1.1679654539625833e-10
44.050000000000004,1.1600377063677034e-10
44.1,1.152172662511909e-10
44.150000000000006,1.1443697562775634e-10
44.2,1.1366284272901909e-10
44.25,1.1289481208538124e-10
44.300000000000004,1.1213282878870879e-10
44.35,1.113768384860249e-10
44.400000000000006,1.1062678737327998e-10
44.45,1.0988262218920018e-10
44.5,1.091442902092098e-10
44.550000000000004,1.0841173923942993e-10
44.6,1.0768491761075042e-10
44.650000000000006,1.0696377417297382e-10
44.7,1.0624825828903258e-10
44.75,1.055383198292755e-10
44.800000000000004,1.0483390916582515e-10
44.85,1.0413497716700416e-10
44.900000000000006,1.034414751918286e-10
44.95,1.0275335508456988e-10
45.0,1.0207056916938166e-10
45.050000000000004,1.0139307024499271e-10
45.1,1.0072081157946451e-10
45.150000000000006,1.0005374690501162e-10
45.2,9.939183041288589e-11
45.25,9.87350167483216e-11
45.300000000000004,9.808326100554254e-11
45.35,9.743651872282942e-11
45.400000000000006,9.679474587764569e-11
45.45,9.61578988818241e-11
45.5,9.552593457680921e-11
45.550000000000004,9.489881022895845e-11
45.6,9.427648352489935e-11
45.650000000000006,9.365891256694214e-11
45.7,9.304605586854803e-11
45.75,9.243787234985081e-11
45.800000000000004,9.183432133323311e-11
45.85,9.1235362538955e-11
45.900000000000006,9.064095608083458e-11
45.95,9.005106246198051e-11
46.0,8.94656425705752e-11
46.050000000000004,8.888465767570808e-11
46.1,8.830806942325887e-11
46.150000000000006,8.77358398318288e-11
46.2,8.716793128872156e-11
46.25,8.660430654596992e-11
46.300000000000004,8.604492871641135e-11
46.35,8.548976126980904e-11
46.400000000000006,8.493876802901832e-11
46.45,8.439191316619963e-11
46.5,8.384916119907477e-11
46.550000000000004,8.331047698722792e-11
46.6,8.277582572845065e-11
46.650000000000006,8.224517295512822e-11
46.7,8.171848453067041e-11
46.75,8.11957266459826e-11
46.800000000000004,8.067686581597867e-11
46.85,8.01618688761351e-11
46.900000000000006,7.965070297908465e-11
46.95,7.914333559125058e-11
47.0,7.86397344895191e-11
47.050000000000004,7.813986775795159e-11
47.1,7.764370378453474e-11
47.150000000000006,7.715121125796802e-11
47.2,7.666235916448923e-11
47.25,7.617711678473614e-11
47.300000000000004,7.5695453690645e-11
47.35,7.521733974238502e-11
47.400000000000006,7.474274508532743e-11
47.45,7.42716401470511e-11
47.5,7.38039956343808e-11
47.550000000000004,7.333978253046138e-11
47.6,7.287897209186471e-11
47.650000000000006,7.242153584572968e-11
47.7,7.196744558693595e-11
47.75,7.151667337530933e-11
47.800000000000004,7.106919153285951e-11
47.85,7.062497264104984e-11
47.900000000000006,7.01839895380972e-11
47.95,6.97462153163045e-11
48.0,6.931162331942167e-11
48.050000000000004,6.888018714003826e-11
48.1,6.845188061700518e-11
48.150000000000006,6.802667783288562e-11
48.2,6.760455311143555e-11
48.25,6.718548101511195e-11
48.300000000000004,6.676943634261019e-11
48.35,6.635639412642899e-11
48.400000000000006,6.594632963046273e-11
48.45,6.553921834762143e-11
48.5,6.513503599747724e-11
48.550000000000004,6.473375852393775e-11
48.6,6.433536209294568e-11
48.650000000000006,6.393982309020376e-11
48.7,6.354711811892646e-11
48.75,6.31572239976156e-11
48.800000000000004,6.277011775786207e-11
48.85,6.23857766421717e-11
48.900000000000006,6.200417810181541e-11
48.95,6.162529979470389e-11
49.0,6.124911958328558e-11
49.050000000000004,6.08756155324683e-11
49.1,6.05047659075645e-11
49.150000000000006,6.013654917225843e-11
49.2,5.977094398659737e-11
49.25,5.94079292050037e-11
49.300000000000004,5.904748387431023e-11
49.35,5.868958723181695e-11
49.400000000000006,5.83342187033691e-11
49.45,5.798135790145709e-11
49.5,5.763098462333685e-11
49.550000000000004,5.7283078849171436e-11
49.6,5.693762074019313e-11
49.650000000000006,5.6594590636885524e-11
49.7,5.6253969057186004e-11
49.75,5.591573669470784e-11
49.800000000000004,5.557987441698185e-11
49.85,5.5246363263717746e-11
49.900000000000006,5.491518444508384e-11
49.95,5.4586319340006565e-11
50.0,5.425974949448784e-11
50.050000000000004,5.3935456619941216e-11
50.1,5.361342259154652e-11
50.150000000000006,5.329362944662169e-11
50.2,5.2976059383013336e-11
50.25,5.266069475750412e-11
50.300000000000004,5.234751808423777e-11
50.35,5.203651203316157e-11
50.400000000000006,5.1727659428484925e-11
50.45,5.142094324715588e-11
50.5,5.111634661735293e-11
50.550000000000004,5.0813852816994113e-11
50.6,5.051344527226195e-11
50.650000000000006,5.0215107556144094e-11
50.7,4.9918823386990316e-11
50.75,4.9624576627084424e-11
50.800000000000004,4.9332351281232166e-11
50.85,4.9042131495364084e-11
50.900000000000006,4.8753901555153404e-11
50.95,4.846764588464891e-11
51.0,4.81833490449224e-11
51.050000000000004,4.790099573273075e-11
51.1,4.7620570779192465e-11
51.150000000000006,4.734205914847793e-11
51.2,4.706544593651442e-11
51.25,4.679071636970426e-11
51.300000000000004,4.651785580365705e-11
51.35,4.624684972193559e-11
51.400000000000006,4.597768373481462e-11
51.45,4.571034357805344e-11
51.5,4.5444815111681106e-11
51.550000000000004,4.5181084318794695e-11
51.6,4.491913730437063e-11
51.650000000000006,4.4658960294087954e-11
51.7,4.440053963316504e-11
51.75,4.414386178520753e-11
51.800000000000004,4.388891333106936e-11
51.85,4.3635680967725466e-11
51.900000000000006,4.338415150715628e-11
51.95,4.3134311875244367e-11
52.0,4.288614911068223e-11
52.050000000000004,4.263965036389204e-11
52.1,4.2394802895956527e-11
52.150000000000006,4.215159407756113e-11
52.2,4.191001138794731e-11
52.25,4.1670042413876745e-11
52.300000000000004,4.1431674848606506e-11
52.35,4.1194896490875036e-11
52.400000000000006,4.0959695243898286e-11
52.45,4.072605911437714e-11
52.5,4.0493976211514356e-11
52.550000000000004,4.0263434746042315e-11
52.6,4.0034423029260826e-11
52.650000000000006,3.980692947208472e-11
52.7,3.958094258410166e-11
52.75,3.935645097263946e-11
52.800000000000004,3.9133443341843247e-11
52.85,3.8911908491762384e-11
52.900000000000006,3.869183531744624e-11
52.95,3.847321280805024e-11
53.0,3.825603004595021e-11
53.050000000000004,3.8040276205866555e-11
53.1,3.7825940553997245e-11
53.150000000000006,3.76130124471597e-11
53.2,3.740148133194165e-11
53.25,3.719133674386053e-11
53.300000000000004,3.6982568306531764e-11
53.35,3.677516573084552e-11
53.400000000000006,3.656911881415177e-11
53.45,3.6364417439453964e-11
53.5,3.616105157461073e-11
53.550000000000004,3.595901127154591e-11
53.6,3.575828666546667e-11
53.650000000000006,3.555886797408939e-11
53.7,3.5360745496873905e-11
53.75,3.516390961426499e-11
53.800000000000004,3.4968350786942e-11
53.85,3.47740595550761e-11
53.900000000000006,3.45810265375948e-11
53.95,3.438924243145427e-11
54.0,3.419869801091885e-11
54.050000000000004,3.400938412684789e-11
54.1,3.382129170599006e-11
54.150000000000006,3.3634411750284266e-11
54.2,3.344873533616841e-11
54.25,3.3264253613894285e-11
54.300000000000004,3.3080957806850097e-11
54.35,3.289883921088947e-11
54.400000000000006,3.271788919366722e-11
54.45,3.2538099193982015e-11
54.5,3.2359460721125353e-11
54.550000000000004,3.2181965354237366e-11
54.6,3.200560474166898e-11
54.650000000000006,3.183037060035042e-11
54.7,3.1656254715166166e-11
54.75,3.1483248938336024e-11
54.800000000000004,3.1311345188802534e-11
54.85,3.114053545162449e-11
54.900000000000006,3.0970811777376314e-11
54.95,3.080216628155378e-11
55.0,3.0634591143985315e-11
55.050000000000004,3.046807860824933e-11
55.1,3.030262098109748e-11
55.150000000000006,3.01382106318833e-11
55.2,2.9974839991996934e-11
55.25,2.981250155430515e-11
55.300000000000004,2.9651187872597025e-11
55.35,2.9490891561035286e-11
55.400000000000006,2.933160529361269e-11
55.45,2.917332180361429e-11
55.5,2.9016033883084475e-11
55.550000000000004,2.8859734382299724e-11
55.6,2.8704416209246378e-11
55.650000000000006,2.855007232910339e-11
55.7,2.8396695763730562e-11
55.75,2.824427959116141e-11
55.800000000000004,2.8092816945101284e-11
55.85,2.7942301014430337e-11
55.900000000000006,2.7792725042711304e-11
55.95,2.764408232770226e-11
56.0,2.7496366220873898e-11
56.050000000000004,2.7349570126931833e-11
56.1,2.72036875033434e-11
56.150000000000006,2.705871185986902e-11
56.2,2.6914636758098363e-11
56.25,2.677145581099077e-11
56.300000000000004,2.662916268242031e-11
56.35,2.64877510867253e-11
56.400000000000006,2.634721478826204e-11
56.45,2.620754760096307e-11
56.5,2.6068743387899558e-11
56.550000000000004,2.5930796060848012e-11
56.6,2.579369957986128e-11
56.650000000000006,2.5657447952843398e-11
56.7,2.5522035235129028e-11
56.75,2.538745552906644e-11
56.800000000000004,2.5253702983604894e-11
56.85,2.5120771793885926e-11
56.900000000000006,2.4988656200838376e-11
56.95,2.485735049077764e-11
57.0,2.4726848995008467e-11
57.050000000000004,2.4597146089431793e-11
57.1,2.446823619415526e-11
57.150000000000006,2.4340113773107474e-11
57.2,2.4212773333656006e-11
57.25,2.4086209426228938e-11
57.300000000000004,2.3960416643940214e-11
57.35,2.383538962221846e-11
57.400000000000006,2.371112303843926e-11
57.45,2.358761161156125e-11
57.5,2.3464850101765278e-11
57.550000000000004,2.3342833310097298e-11
57.6,2.3221556078114625e-11
57.650000000000006,2.310101328753541e-11
57.7,2.2981199859891614e-11
57.75,2.2862110756185173e-11
57.800000000000004,2.2743740976547434e-11
57.85,2.2626085559901954e-11
57.900000000000006,2.2509139583630227e-11
57.95,2.2392898163240913e-11
58.0,2.2277356452041857e-11
58.050000000000004,2.2162509640815423e-11
58.1,2.2048352957496937e-11
58.150000000000006,2.1934881666855854e-11
58.2,2.182209107018037e-11
58.25,2.1709976504964587e-11
58.300000000000004,2.159853334459891e-11
58.35,2.1487756998063246e-11
58.400000000000006,2.1377642909623033e-11
58.45,2.1268186558528267e-11
58.5,2.1159383458715167e-11
58.550000000000004,2.1051229158510795e-11
58.6,2.0943719240340402e-11
58.650000000000006,2.0836849320437384e-11
58.7,2.0730615048556186e-11
58.75,2.062501210768765e-11
58.800000000000004,2.0520036213777125e-11
58.85,2.041568311544531e-11
58.900000000000006,2.0311948593711427e-11
58.95,2.0208828461719276e-11
59.0,2.0106318564465604e-11
59.050000000000004,2.000441477853108e-11
59.1,1.990311301181388e-11
59.150000000000006,1.9802409203265457e-11
59.2,1.970229932262914e-11
59.25,1.9602779370180783e-11
59.300000000000004,1.950384537647204e-11
59.35,1.9405493402076036e-11
59.400000000000006,1.930771953733513e-11
59.45,1.9210519902111372e-11
59.5,1.911389064553891e-11
59.550000000000004,1.9017827945778924e-11
59.6,1.892232800977673e-11
59.650000000000006,1.8827387073021063e-11
59.7,1.8733001399305702e-11
59.75,1.8639167280493098e-11
59.800000000000004,1.8545881036280384e-11
59.85,1.8453139013967395e-11
59.900000000000006,1.836093758822679e-11
59.95,1.826927316087642e-11
60.0,1.8178142160653625e-11
60.050000000000004,1.8087541042991628e-11
60.1,1.7997466289798107e-11
60.150000000000006,1.790791440923556e-11
60.2,1.781888193550387e-11
60.25,1.773036542862472e-11
60.300000000000004,1.7642361474228034e-11
60.35,1.7554866683340368e-11
60.400000000000006,1.7467877692175122e-11
60.45,1.7381391161924864e-11
60.5,1.7295403778555253e-11
60.550000000000004,1.7209912252601073e-11
60.6,1.7124913318964044e-11
60.650000000000006,1.7040403736712338e-11
60.7,1.6956380288882117e-11
60.75,1.687283978228068e-11
60.800000000000004,1.6789779047291495e-11
60.85,1.6707194937680958e-11
60.900000000000006,1.662508433040687e-11
60.95,1.654344412542869e-11
61.0,1.6462271245519413e-11
61.050000000000004,1.6381562636079217e-11
61.1,1.630131526495079e-11
61.150000000000006,1.6221526122236187e-11
61.2,1.6142192220115528e-11
61.25,1.6063310592667127e-11
61.300000000000004,1.5984878295689337e-11
61.35,1.5906892406524015e-11
61.400000000000006,1.5829350023881442e-11
61.45,1.5752248267666934e-11
61.5,1.5675584278808923e-11
61.550000000000004,1.5599355219088584e-11
61.6,1.5523558270971044e-11
61.650000000000006,1.544819063743795e-11
61.7,1.53732495418217e-11
61.75,1.5298732227640996e-11
61.800000000000004,1.5224635958437946e-11
61.85,1.5150958017616628e-11
61.900000000000006,1.5077695708282946e-11
61.95,1.5004846353086115e-11
62.0,1.493240729406134e-11
62.050000000000004,1.4860375892474034e-11
62.1,1.4788749528665356e-11
62.150000000000006,1.4717525601899092e-11
62.2,1.464670153020996e-11
62.25,1.4576274750253123e-11
62.300000000000004,1.4506242717155179e-11
62.35,1.4436602904366379e-11
62.400000000000006,1.4367352803514112e-11
62.45,1.4298489924257783e-11
62.5,1.4230011794144856e-11
62.550000000000004,1.4161915958468209e-11
62.6,1.4094199980124783e-11
62.650000000000006,1.4026861439475366e-11
62.7,1.3959897934205696e-11
62.75,1.3893307079188731e-11
62.800000000000004,1.382708650634813e-11
62.85,1.376123386452296e-11
62.900000000000006,1.3695746819333501e-11
62.95,1.3630623053048334e-11
63.0,1.3565860264452465e-11
63.050000000000004,1.3501456168716697e-11
63.1,1.3437408497268116e-11
63.150000000000006,1.337371499766161e-11
63.2,1.3310373433452673e-11
63.25,1.3247381584071137e-11
63.300000000000004,1.3184737244696116e-11
63.35,1.3122438226132007e-11
63.400000000000006,1.306048235468552e-11
63.45,1.299886747204385e-11
63.5,1.2937591435153791e-11
63.550000000000004,1.2876652116102015e-11
63.6,1.2816047401996323e-11
63.650000000000006,1.2755775194847875e-11
63.7,1.269583341145456e-11
63.75,1.2636219983285232e-11
63.800000000000004,1.2576932856365008e-11
63.85,1.2517969991161601e-11
63.900000000000006,1.24593293624725e-11
63.95,1.2401008959313265e-11
64.0,1.2343006784806642e-11
64.05,1.2285320856072747e-11
64.10000000000001,1.2227949204120068e-11
64.15,1.2170889873737599e-11
64.2,1.2114140923387608e-11
64.25,1.2057700425099572e-11
64.3,1.2001566464364896e-11
64.35000000000001,1.194573714003255e-11
64.4,1.1890210564205665e-11
64.45,1.1834984862138819e-11
64.5,1.1780058172136447e-11
64.55,1.172542864545192e-11
64.60000000000001,1.1671094446187568e-11
64.65,1.1617053751195581e-11
64.7,1.1563304749979634e-11
64.75,1.1509845644597448e-11
64.8,1.1456674649564163e-11
64.85000000000001,1.1403789991756482e-11
64.9,1.1351189910317692e-11
64.95,1.1298872656563406e-11
65.0,1.124683649388816e-11
65.05,1.1195079697672797e-11
65.10000000000001,1.1143600555192585e-11
65.15,1.1092397365526216e-11
65.2,1.1041468439465387e-11
65.25,1.0990812099425324e-11
65.3,1.094042667935597e-11
65.35000000000001,1.0890310524653899e-11
65.4,1.0840461992075096e-11
65.45,1.0790879449648255e-11
65.5,1.074156127658899e-11
65.55,1.0692505863214693e-11
65.60000000000001,1.0643711610860093e-11
65.65,1.059517693179358e-11
65.7,1.0546900249134106e-11
65.75,1.049887999676893e-11
65.8,1.0451114619271937e-11
65.85000000000001,1.0403602571822677e-11
65.9,1.0356342320126143e-11
65.95,1.0309332340333046e-11
66.0,1.026257111896094e-11
66.05,1.0216057152815889e-11
66.10000000000001,1.016978894891482e-11
66.15,1.0123765024408536e-11
66.2,1.0077983906505325e-11
66.25,1.0032444132395219e-11
66.3,9.987144249174907e-12
66.35000000000001,9.942082813773228e-12
66.4,9.897258392877348e-12
66.45,9.852669562859427e-12
66.5,9.80831490970399e-12
66.55,9.7641930289359e-12
66.60000000000001,9.720302525548832e-12
66.65,9.676642013934495e-12
66.7,9.63321011781222e-12
66.75,9.59000547015932e-12
66.8,9.547026713141937e-12
66.85000000000001,9.504272498046442e-12
66.9,9.461741485211488e-12
66.95,9.41943234396045e-12
67.0,9.377343752534626e-12
67.05,9.335474398026812e-12
67.10000000000001,9.293822976315521e-12
67.15,9.252388191999727e-12
67.2,9.211168758334073e-12
67.25,9.170163397164701e-12
67.3,9.129370838865544e-12
67.35000000000001,9.088789822275154e-12
67.4,9.048419094634074e-12
67.45,9.008257411522652e-12
67.5,8.968303536799421e-12
67.55,8.928556242539952e-12
67.60000000000001,8.889014308976217e-12
67.65,8.849676524436453e-12
67.7,8.810541685285463e-12
67.75,8.771608595865438e-12
67.8,8.732876068437296e-12
67.85000000000001,8.694342923122395e-12
67.9,8.656007987844862e-12
67.95,8.617870098274196e-12
68.0,8.57992809776852e-12
68.05,8.54218083731818e-12
68.10000000000001,8.504627175489824e-12
68.15,8.467265978370992e-12
68.2,8.430096119515e-12
68.25,8.393116479886448e-12
68.3,8.356325947807048e-12
68.35000000000001,8.31972341890191e-12
68.4,8.283307796046318e-12
68.45,8.247077989312822e-12
68.5,8.21103291591886e-12
68.55,8.175171500174738e-12
68.60000000000001,8.139492673432048e-12
68.65,8.103995374032502e-12
68.7,8.068678547257162e-12
68.75,8.033541145276064e-12
68.8,7.998582127098287e-12
68.85000000000001,7.96380045852237e-12
68.9,7.929195112087181e-12
68.95,7.894765067023106e-12
69.0,7.860509309203668e-12
69.05,7.826426831097559e-12
69.10000000000001,7.792516631720968e-12
69.15,7.758777716590414e-12
69.2,7.725209097675793e-12
69.25,7.691809793353937e-12
69.3,7.658578828362473e-12
69.35000000000001,7.625515233754048e-12
69.4,7.592618046850976e-12
69.45,7.559886311200114e-12
69.5,7.527319076528251e-12
69.55,7.494915398697739e-12
69.60000000000001,7.462674339662501e-12
69.65,7.430594967424437e-12
69.7,7.398676355990083e-12
69.75,7.366917585327674e-12
69.8,7.33531774132454e-12
69.85000000000001,7.303875915744806e-12
69.9,7.272591206187466e-12
69.95,7.241462716044748e-12
70.0,7.2104895544608155e-12
70.05,7.179670836290811e-12
70.10000000000001,7.1490056820601985e-12
70.15,7.1184932179244535e-12
70.2,7.088132575629018e-12
70.25,7.0579228924696005e-12
70.3,7.027863311252813e-12
70.35000000000001,6.997952980257037e-12
70.4,6.968191053193713e-12
70.45,6.9385766891687846e-12
70.5,6.909109052644565e-12
70.55,6.87978731340184e-12
70.60000000000001,6.8506106465022825e-12
70.65,6.82157823225118e-12
70.7,6.792689256160374e-12
70.75,6.7639429089116e-12
70.8,6.735338386320006e-12
70.85000000000001,6.706874889298027e-12
70.9,6.6785516238195226e-12
70.95,6.6503678008841454e-12
71.0,6.6223226364820475e-12
71.05,6.5944153515588286e-12
71.10000000000001,6.566645171980757e-12
71.15,6.539011328500269e-12
71.2,6.5115130567217195e-12
71.25,6.484149597067399e-12
71.3,6.456920194743825e-12
71.35000000000001,6.429824099708277e-12
71.4,6.4028605666356235e-12
71.45,6.376028854885337e-12
71.5,6.349328228468816e-12
71.55,6.322757956016961e-12
71.60000000000001,6.296317310747947e-12
71.65,6.2700055704353336e-12
71.7,6.2438220173762975e-12
71.75,6.217765938360212e-12
71.8,6.191836624637423e-12
71.85000000000001,6.166033371888255e-12
71.9,6.1403554801923065e-12
71.95,6.114802253997877e-12
72.0,6.089373002091751e-12
72.05,6.064067037569115e-12
72.10000000000001,6.038883677803744e-12
72.15,6.013822244418456e-12
72.2,5.988882063255664e-12
72.25,5.964062464348306e-12
72.3,5.93936278189089e-12
72.35000000000001,5.914782354210798e-12
72.4,5.89032052373981e-12
72.45,5.865976636985826e-12
72.5,5.84175004450481e-12
72.55,5.817640100872956e-12
72.60000000000001,5.793646164659045e-12
72.65,5.769767598397052e-12
72.7,5.746003768558888e-12
72.75,5.72235404552741e-12
72.8,5.6988178035696265e-12
72.85000000000001,5.675394420810058e-12
72.9,5.6520832792043896e-12
72.95,5.628883764513198e-12
73.0,5.605795266275988e-12
73.05,5.582817177785361e-12
73.10000000000001,5.559948896061399e-12
73.15,5.537189821826256e-12
73.2,5.514539359478876e-12
73.25,5.491996917069994e-12
73.3,5.469561906277244e-12
73.35000000000001,5.447233742380491e-12
73.4,5.425011844237376e-12
73.45,5.402895634258943e-12
73.5,5.38088453838557e-12
73.55,5.3589779860630054e-12
73.60000000000001,5.337175410218591e-12
73.65,5.3154762472377016e-12
73.7,5.293879936940297e-12
73.75,5.272385922557706e-12
73.8,5.250993650709547e-12
73.85000000000001,5.22970257138084e-12
73.9,5.2085121378992916e-12
73.95,5.1874218069127184e-12
74.0,5.166431038366666e-12
74.05,5.14553929548219e-12
74.10000000000001,5.1247460447337874e-12
74.15,5.10405075582753e-12
74.2,5.0834529016792895e-12
74.25,5.062951958393195e-12
74.3,5.042547405240208e-12
74.35000000000001,5.022238724636868e-12
74.4,5.002025402124212e-12
74.45,4.9819069263467954e-12
74.5,4.961882789031941e-12
74.55,4.9419524849690755e-12
74.60000000000001,4.922115511989261e-12
74.65,4.902371370944876e-12
74.7,4.8827195656893905e-12
74.75,4.863159603057372e-12
74.8,4.8436909928445736e-12
74.85000000000001,4.8243132477882026e-12
74.9,4.8050258835473205e-12
74.95,4.785828418683389e-12
75.0,4.766720374640952e-12
75.05,4.747701275728473e-12
75.10000000000001,4.728770649099299e-12
75.15,4.709928024732784e-12
75.2,4.691172935415511e-12
75.25,4.672504916722696e-12
75.3,4.653923506999695e-12
75.35000000000001,4.635428247343655e-12
75.4,4.617018681585334e-12
75.45,4.598694356270969e-12
75.5,4.580454820644362e-12
75.55,4.5622996266290565e-12
75.60000000000001,4.5442283288106354e-12
75.65,4.526240484419189e-12
75.7,4.50833565331184e-12
75.75,4.490513397955477e-12
75.8,4.4727732834095454e-12
75.85000000000001,4.455114877308995e-12
75.9,4.4375377498473715e-12
75.95,4.420041473759967e-12
76.0,4.402625624307149e-12
76.05,4.385289779257793e-12
76.10000000000001,4.368033518872824e-12
76.15,4.350856425888901e-12
76.2,4.3337580855021815e-12
76.25,4.3167380853522326e-12
76.3,4.299796015506059e-12
76.35000000000001,4.282931468442218e-12
76.4,4.266144039035097e-12
76.45,4.2494333245392385e-12
76.5,4.232798924573838e-12
76.55,4.216240441107315e-12
76.60000000000001,4.1997574784420104e-12
76.65,4.18334964319901e-12
76.7,4.1670165443030215e-12
76.75,4.150757792967424e-12
76.80000000000001,4.134573002679382e-12
76.85000000000001,4.118461789185093e-12
76.9,4.1024237704751144e-12
76.95,4.0864585667698065e-12
77.0,4.070565800504894e-12
77.05000000000001,4.0547450963171e-12
77.10000000000001,4.0389960810299255e-12
77.15,4.02331838363947e-12
77.2,4.007711635300411e-12
77.25,3.992175469312047e-12
77.30000000000001,3.976709521104457e-12
77.35000000000001,3.961313428224761e-12
77.4,3.945986830323448e-12
77.45,3.93072936914084e-12
77.5,3.915540688493629e-12
77.55000000000001,3.900420434261511e-12
77.60000000000001,3.885368254373935e-12
77.65,3.870383798796903e-12
77.7,3.855466719519907e-12
77.75,3.84061667054294e-12
77.80000000000001,3.825833307863585e-12
77.85000000000001,3.811116289464236e-12
77.9,3.7964652752993505e-12
77.95,3.781879927282847e-12
78.0,3.767359909275556e-12
78.05000000000001,3.75290488707277e-12
78.10000000000001,3.738514528391902e-12
78.15,3.724188502860181e-12
78.2,3.709926482002479e-12
78.25,3.695728139229211e-12
78.30000000000001,3.681593149824306e-12
78.35000000000001,3.667521190933292e-12
78.4,3.653511941551422e-12
78.45,3.63956508251192e-12
78.5,3.625680296474291e-12
78.55000000000001,3.6118572679127217e-12
78.60000000000001,3.5980956831045643e-12
78.65,3.584395230118872e-12
78.7,3.570755598805062e-12
78.75,3.5571764807816152e-12
78.80000000000001,3.543657569424877e-12
78.85000000000001,3.530198559857942e-12
78.9,3.516799148939584e-12
78.95,3.5034590352532986e-12
79.0,3.4901779190964067e-12
79.05000000000001,3.476955502469221e-12
79.10000000000001,3.4637914890643263e-12
79.15,3.45068558425588e-12
79.2,3.437637495089035e-12
79.25,3.4246469302694077e-12
79.30000000000001,3.411713600152628e-12
79.35000000000001,3.398837216733973e-12
79.4,3.386017493638042e-12
79.45,3.373254146108531e-12
79.5,3.3605468909980718e-12
79.55000000000001,3.3478954467581246e-12
79.60000000000001,3.335299533428978e-12
79.65,3.3227588726297637e-12
79.7,3.3102731875485876e-12
79.75,3.297842202932705e-12
79.80000000000001,3.285465645078771e-12
79.85000000000001,3.2731432418231635e-12
79.9,3.260874722532346e-12
79.95,3.2486598180933362e-12
80.0,3.236498260904206e-12
80.05000000000001,3.224389784864664e-12
80.10000000000001,3.21233412536671e-12
80.15,3.2003310192853235e-12
80.2,3.1883802049692466e-12
80.25,3.1764814222318173e-12
80.30000000000001,3.164634412341859e-12
80.35000000000001,3.152838918014658e-12
80.4,3.1410946834029593e-12
80.45,3.129401454088066e-12
80.5,3.1177589770709764e-12
80.55000000000001,3.106167000763587e-12
80.60000000000001,3.0946252749799637e-12
80.65,3.0831335509276516e-12
80.7,3.07169158119906e-12
80.75,3.060299119762914e-12
80.80000000000001,3.0489559219557343e-12
80.85000000000001,3.0376617444734165e-12
80.9,3.0264163453628217e-12
80.95,3.01521948401346e-12
81.0,3.0040709211492108e-12
81.05000000000001,2.9929704188201124e-12
81.10000000000001,2.9819177403942018e-12
81.15,2.970912650549394e-12
81.2,2.9599549152654487e-12
81.25,2.949044301815959e-12
81.30000000000001,2.9381805787604126e-12
81.35000000000001,2.9273635159363152e-12
81.4,2.9165928844513308e-12
81.45,2.9058684566755155e-12
81.5,2.8951900062335813e-12
81.55000000000001,2.884557307997213e-12
81.60000000000001,2.8739701380774555e-12
81.65,2.863428273817116e-12
81.7,2.8529314937832564e-12
81.75,2.8424795777597104e-12
81.80000000000001,2.8320723067396602e-12
81.85000000000001,2.8217094629182696e-12
81.9,2.8113908296853476e-12
81.95,2.801116191618074e-12
82.0,2.7908853344737813e-12
82.05000000000001,2.7806980451827616e-12
82.10000000000001,2.770554111841155e-12
82.15,2.7604533237038463e-12
82.2,2.7503954711774387e-12
82.25,2.740380345813263e-12
82.30000000000001,2.7304077403004355e-12
82.35000000000001,2.720477448458968e-12
82.4,2.7105892652329054e-12
82.45,2.7007429866835273e-12
82.5,2.6909384099825915e-12
82.55000000000001,2.6811753334056105e-12
82.60000000000001,2.6714535563252017e-12
82.65,2.661772879204435e-12
82.7,2.6521331035902685e-12
82.75,2.642534032107012e-12
82.80000000000001,2.632975468449818e-12
82.85000000000001,2.623457217378252e-12
82.9,2.6139790847098625e-12
82.95,2.604540877313827e-12
83.0,2.5951424031046257e-12
83.05000000000001,2.5857834710357546e-12
83.10000000000001,2.5764638910934967e-12
83.15,2.5671834742907075e-12
83.2,2.5579420326606637e-12
83.25,2.548739379250946e-12
83.30000000000001,2.5395753281173567e-12
83.35000000000001,2.5304496943178934e-12
83.4,2.521362293906734e-12
83.45,2.5123129439282923e-12
83.5,2.5033014624112878e-12
83.55000000000001,2.4943276683628742e-12
83.60000000000001,2.485391381762799e-12
83.65,2.4764924235575883e-12
83.7,2.467630615654791e-12
83.75,2.4588057809172475e-12
83.80000000000001,2.4500177431573996e-12
83.85000000000001,2.441266327131647e-12
83.9,2.4325513585347128e-12
83.95,2.423872663994081e-12
84.0,2.415230071064446e-12
84.05000000000001,2.4066234082222052e-12
84.10000000000001,2.39805250486e-12
84.15,2.3895171912812636e-12
84.2,2.3810172986948345e-12
84.25,2.3725526592095873e-12
84.30000000000001,2.364123105829102e-12
84.35000000000001,2.355728472446379e-12
84.4,2.347368593838567e-12
84.45,2.3390433056617403e-12
84.5,2.330752444445713e-12
84.55000000000001,2.3224958475888718e-12
84.60000000000001,2.3142733533530638e-12
84.65,2.3060848008584896e-12
84.7,2.297930030078656e-12
84.75,2.2898088818353445e-12
84.80000000000001,2.2817211977936197e-12
84.85000000000001,2.2736668204568754e-12
84.9,2.2656455931618934e-12
84.95,2.2576573600739544e-12
85.0,2.24970196618197e-12
85.05000000000001,2.2417792572936482e-12
85.10000000000001,2.2338890800307006e-12
85.15,2.226031281824053e-12
85.2,2.2182057109091173e-12
85.25,2.210412216321079e-12
85.30000000000001,2.2026506478902105e-12
85.35000000000001,2.1949208562372352e-12
85.4,2.1872226927686905e-12
85.45,2.179556009672348e-12
85.5,2.1719206599126496e-12
85.55000000000001,2.164316497226175e-12
85.60000000000001,2.156743376117144e-12
85.65,2.149201151852936e-12
85.7,2.1416896804596466e-12
85.75,2.1342088187176753e-12
85.80000000000001,2.1267584241573288e-12
85.85000000000001,2.119338355054475e-12
85.9,2.1119484704261937e-12
85.95,2.1045886300264838e-12
86.0,2.0972586943419775e-12
86.05000000000001,2.089958524587698e-12
86.10000000000001,2.082687982702836e-12
86.15,2.075446931346547e-12
86.2,2.068235233893788e-12
86.25,2.0610527544311718e-12
86.30000000000001,2.0538993577528513e-12
86.35000000000001,2.046774909356436e-12
86.4,2.0396792754389147e-12
86.45,2.0326123228926276e-12
86.5,2.0255739193012503e-12
86.55000000000001,2.0185639329358037e-12
86.60000000000001,2.0115822327507016e-12
86.65,2.0046286883798013e-12
86.7,1.9977031701324978e-12
86.75,1.9908055489898395e-12
86.80000000000001,1.983935696600658e-12
86.85000000000001,1.9770934852777405e-12
86.9,1.9702787879940062e-12
86.95,1.9634914783787184e-12
87.0,1.956731430713724e-12
87.05000000000001,1.949998519929703e-12
87.10000000000001,1.9432926216024625e-12
87.15,1.936613611949225e-12
87.2,1.929961367824971e-12
87.25,1.923335766718781e-12
87.30000000000001,1.9167366867502128e-12
87.35000000000001,1.9101640066657044e-12
87.4,1.9036176058349827e-12
87.45,1.897097364247512e-12
87.5,1.890603162508958e-12
87.55000000000001,1.884134881837672e-12
87.60000000000001,1.877692404061207e-12
87.65,1.8712756116128354e-12
87.7,1.8648843875281126e-12
87.75,1.858518615441446e-12
87.80000000000001,1.852178179582687e-12
87.85000000000001,1.845862964773759e-12
87.9,1.8395728564252805e-12
87.95,1.8333077405332332e-12
88.0,1.827067503675639e-12
88.05000000000001,1.8208520330092573e-12
88.10000000000001,1.8146612162663136e-12
88.15,1.808494941751233e-12
88.2,1.8023530983374022e-12
88.25,1.796235575463956e-12
88.30000000000001,1.790142263132573e-12
88.35000000000001,1.784073051904306e-12
88.4,1.778027832896412e-12
88.45,1.7720064977792212e-12
88.5,1.7660089387730122e-12
88.55000000000001,1.7600350486449162e-12
88.60000000000001,1.7540847207058353e-12
88.65,1.7481578488073769e-12
88.7,1.7422543273388128e-12
88.75,1.7363740512240558e-12
88.80000000000001,1.7305169159186513e-12
88.85000000000001,1.7246828174067981e-12
88.9,1.7188716521983677e-12
88.95,1.7130833173259638e-12
89.0,1.7073177103419875e-12
89.05000000000001,1.7015747293157198e-12
89.10000000000001,1.6958542728304348e-12
89.15,1.6901562399805107e-12
89.2,1.6844805303685767e-12
89.25,1.6788270441026665e-12
89.30000000000001,1.673195681793395e-12
89.35000000000001,1.667586344551152e-12
89.4,1.6619989339833072e-12
89.45,1.6564333521914377e-12
89.5,1.6508895017685751e-12
89.55000000000001,1.6453672857964604e-12
89.60000000000001,1.6398666078428284e-12
89.65,1.6343873719586931e-12
89.7,1.628929482675664e-12
89.75,1.62349284500327e-12
89.80000000000001,1.6180773644263027e-12
89.85000000000001,1.612682946902182e-12
89.9,1.6073094988583212e-12
89.95,1.6019569271895257e-12
90.0,1.596625139255398e-12
90.05000000000001,1.591314042877761e-12
90.10000000000001,1.5860235463381025e-12
90.15,1.5807535583750184e-12
90.2,1.575503988181693e-12
90.25,1.5702747454033806e-12
90.30000000000001,1.5650657401349044e-12
90.35000000000001,1.5598768829181786e-12
90.4,1.5547080847397325e-12
90.45,1.5495592570282597e-12
90.5,1.5444303116521804e-12
90.55000000000001,1.5393211609172127e-12
90.60000000000001,1.5342317175639704e-12
90.65,1.5291618947655617e-12
90.7,1.5241116061252088e-12
90.75,1.5190807656738842e-12
90.80000000000001,1.5140692878679599e-12
90.85000000000001,1.509077087586868e-12
90.9,1.5041040801307771e-12
90.95,1.4991501812182846e-12
91.0,1.4942153069841175e-12
91.05000000000001,1.4892993739768537e-12
91.10000000000001,1.4844022991566592e-12
91.15,1.4795239998930217e-12
91.2,1.4746643939625184e-12
91.25,1.4698233995465902e-12
91.30000000000001,1.4650009352293204e-12
91.35000000000001,1.460196919995244e-12
91.4,1.4554112732271523e-12
91.45,1.450643914703921e-12
91.5,1.4458947645983518e-12
91.55000000000001,1.4411637434750206e-12
91.60000000000001,1.4364507722881478e-12
91.65,1.4317557723794677e-12
91.7,1.427078665476128e-12
91.75,1.4224193736885847e-12
91.80000000000001,1.4177778195085204e-12
91.85000000000001,1.4131539258067769e-12
91.9,1.4085476158312893e-12
91.95,1.4039588132050393e-12
92.0,1.3993874419240233e-12
92.05000000000001,1.3948334263552264e-12
92.10000000000001,1.3902966912346146e-12
92.15,1.3857771616651332e-12
92.2,1.3812747631147195e-12
92.25,1.3767894214143283e-12
92.30000000000001,1.3723210627559681e-12
92.35000000000001,1.367869613690755e-12
92.4,1.3634350011269601e-12
92.45,1.3590171523280911e-12
92.5,1.3546159949109735e-12
92.55000000000001,1.3502314568438392e-12
92.60000000000001,1.3458634664444417e-12
92.65,1.3415119523781624e-12
92.7,1.3371768436561436e-12
92.75,1.3328580696334292e-12
92.80000000000001,1.3285555600071083e-12
92.85000000000001,1.3242692448144853e-12
92.9,1.319999054431242e-12
92.95,1.3157449195696274e-12
93.0,1.311506771276646e-12
93.05000000000001,1.3072845409322636e-12
93.10000000000001,1.3030781602476248e-12
93.15,1.2988875612632749e-12
93.2,1.2947126763473926e-12
93.25,1.2905534381940416e-12
93.30000000000001,1.2864097798214238e-12
93.35000000000001,1.2822816345701477e-12
93.4,1.2781689361015023e-12
93.45,1.2740716183957463e-12
93.5,1.2699896157504027e-12
93.55000000000001,1.2659228627785666e-12
93.60000000000001,1.2618712944072268e-12
93.65,1.2578348458755828e-12
93.7,1.253813452733389e-12
93.75,1.2498070508392981e-12
93.80000000000001,1.245815576359217e-12
93.85000000000001,1.2418389657646742e-12
93.9,1.2378771558311925e-12
93.95,1.2339300836366734e-12
94.0,1.2299976865597936e-12
94.05000000000001,1.2260799022784055e-12
94.10000000000001,1.2221766687679543e-12
94.15,1.218287924299894e-12
94.2,1.2144136074401238e-12
94.25,1.2105536570474254e-12
94.30000000000001,1.2067080122719113e-12
94.35000000000001,1.2028766125534895e-12
94.4,1.1990593976203242e-12
94.45,1.1952563074873135e-12
94.5,1.1914672824545767e-12
94.55000000000001,1.1876922631059464e-12
94.60000000000001,1.183931190307475e-12
94.65,1.180184005205939e-12
94.7,1.1764506492273647e-12
94.75,1.1727310640755543e-12
94.80000000000001,1.169025191730624e-12
94.85000000000001,1.1653329744475528e-12
94.9,1.1616543547547278e-12
94.95,1.1579892754525142e-12
95.0,1.154337679611825e-12
95.05000000000001,1.1506995105726955e-12
95.10000000000001,1.1470747119428775e-12
95.15,1.1434632275964284e-12
95.2,1.1398650016723159e-12
95.25,1.1362799785730322e-12
95.30000000000001,1.1327081029632098e-12
95.35000000000001,1.1291493197682542e-12
95.4,1.125603574172972e-12
95.45,1.1220708116202203e-12
95.5,1.118550977809554e-12
95.55000000000001,1.115044018695885e-12
95.60000000000001,1.1115498804881515e-12
95.65,1.1080685096479896e-12
95.7,1.104599852888413e-12
95.75,1.1011438571725066e-12
95.80000000000001,1.0977004697121194e-12
95.85000000000001,1.094269637966575e-12
95.9,1.0908513096413736e-12
95.95,1.0874454326869187e-12
96.0,1.0840519552972401e-12
96.05000000000001,1.0806708259087285e-12
96.10000000000001,1.0773019931988788e-12
96.15,1.0739454060850318e-12
96.2,1.0706010137231353e-12
96.25,1.0672687655065041e-12
96.30000000000001,1.0639486110645885e-12
96.35000000000001,1.0606405002617555e-12
96.4,1.0573443831960645e-12
96.45,1.0540602101980628e-12
96.5,1.050787931829582e-12
96.55000000000001,1.0475274988825404e-12
96.60000000000001,1.0442788623777576e-12
96.65,1.0410419735637664e-12
96.7,1.037816783915642e-12
96.75,1.0346032451338305e-12
96.80000000000001,1.0314013091429858e-12
96.85000000000001,1.0282109280908174e-12
96.9,1.025032054346938e-12
96.95,1.0218646405017204e-12
97.0,1.0187086393651627e-12
97.05000000000001,1.015564003965758e-12
97.10000000000001,1.0124306875493735e-12
97.15,1.009308643578127e-12
97.2,1.0061978257292827e-12
97.25,1.0030981878941419e-12
97.30000000000001,1.0000096841769476e-12
97.35000000000001,9.969322688937939e-13
97.4,9.938658965715338e-13
97.45,9.90810521946705e-13
97.5,9.87766099964455e-13
97.55000000000001,9.847325857774714e-13
97.60000000000001,9.81709934744924e-13
97.65,9.786981024314045e-13
97.7,9.756970446058792e-13
97.75,9.72706717240646e-13
97.80000000000001,9.697270765102935e-13
97.85000000000001,9.667580787906732e-13
97.9,9.637996806578677e-13
97.95,9.608518388871746e-13
98.0,9.57914510452089e-13
98.05000000000001,9.549876525232937e-13
98.10000000000001,9.520712224676598e-13
98.15,9.491651778472447e-13
98.2,9.462694764182988e-13
98.25,9.433840761302832e-13
98.30000000000001,9.405089351248837e-13
98.35000000000001,9.376440117350406e-13
98.4,9.34789264483971e-13
98.45,9.319446520842094e-13
98.5,9.291101334366454e-13
98.55000000000001,9.262856676295701e-13
98.60000000000001,9.234712139377302e-13
98.65,9.206667318213773e-13
98.7,9.178721809253361e-13
98.75,9.150875210780682e-13
98.80000000000001,9.123127122907436e-13
98.85000000000001,9.095477147563215e-13
98.9,9.067924888486275e-13
98.95,9.040469951214438e-13
99.0,9.013111943076019e-13
99.05000000000001,8.985850473180779e-13
99.10000000000001,8.958685152410992e-13
99.15,8.931615593412462e-13
99.2,8.904641410585695e-13
99.25,8.877762220077043e-13
99.30000000000001,8.850977639769932e-13
99.35000000000001,8.824287289276155e-13
99.4,8.797690789927159e-13
99.45,8.771187764765413e-13
99.5,8.744777838535848e-13
99.55000000000001,8.71846063767729e-13
99.60000000000001,8.692235790314008e-13
99.65,8.666102926247209e-13
99.7,8.640061676946696e-13
99.75,8.614111675542477e-13
99.80000000000001,8.588252556816485e-13
99.85000000000001,8.56248395719432e-13
99.9,8.536805514736996e-13
99.95,8.511216869132818e-13
100.0,8.485717661689229e-13
