volume,theta_bin_left_deg,theta_bin_right_deg,theta_bin_center_deg,counts,mean_theta_deg,std_theta_deg,mean_Eprime_keV,std_Eprime_keV,mean_Et_keV,std_Et_keV,mean_qc_keV_c,std_qc_keV_c,mean_Q_keV_c,std_Q_keV_c,mean_Abs_Q_keV_c,std_Abs_Q_keV_c,mean_Q_au,std_Q_au
2,0.0,2.0,1.0,1,1.498322603798181,,661.7069010030816,,0.29309899691838837,,17.30989436469385,,-0.0024807654036222864,,0.0024807654036222864,,-0.0006655520509371962,
2,2.0,4.0,3.0,3,3.057938146446256,0.3930886312603732,660.7677879239748,0.3051466038982677,1.2322120760252346,0.3051466038982677,35.315459489824875,4.535989318474249,-0.02171190857186145,0.0077496284636958766,0.02171190857186145,0.0077496284636958766,-0.0058249785564824215,0.0020791087744463613
2,4.0,6.0,5.0,8,4.768870259541394,0.4284472189982635,659.0240104807772,0.5543227916118179,2.975989519222864,0.5543227916118155,55.03900312242186,4.932494522164114,-0.08105483291487196,0.023586858427423498,0.08105483291487196,0.023586858427423498,-0.021745792732394326,0.006327999406399
2,6.0,8.0,7.0,19,6.864124848700804,0.6234863635188801,655.8643067751037,1.1004736636767936,6.135693224896302,1.100473663676797,79.12627611755686,7.154406897495564,-0.23966118259741362,0.06413277733801057,0.23966118259741362,0.06413277733801057,-0.06429749115931664,0.01720585970252847
2,8.0,10.0,9.0,23,9.047476555356411,0.5518703177943832,651.4649609344709,1.2551880364442596,10.53503906552909,1.2551880364442594,104.12156812491781,6.301303133572033,-0.5347294686066717,0.0946813461954712,0.5347294686066717,0.0946813461954712,-0.14345987492734083,0.025401581324005384
2,10.0,12.0,11.0,25,11.143191423579992,0.5011844496298347,646.1902748755028,1.3684157468333904,15.809725124497128,1.3684157468334015,127.97728265407602,5.6885122007817985,-0.9782248797041031,0.12489618556914266,0.9782248797041031,0.12489618556914266,-0.26244302424332994,0.03350776834375423
2,12.0,14.0,13.0,30,13.028749704689064,0.6075661987452355,615.2903312146976,97.69881580017112,46.70966878530229,97.69881580017113,166.65402119477784,68.89663607276863,17.803338642393335,73.73178891998732,20.654729244540203,72.95845653578091,4.776368023220958,19.781130155762845
2,14.0,16.0,15.0,32,15.075312602954188,0.6205140170180753,630.8263460015799,15.892565429448647,31.173653998420093,15.892565429448652,173.0930089216794,7.327745296107406,4.683459706326228,39.72234713202733,9.214059275058142,38.89562531163808,1.2565018072550231,10.656908373180983
2,16.0,18.0,17.0,26,16.898475024501774,0.6099540059860289,608.2216477077303,85.76096610892161,53.778352292269695,85.76096610892162,204.25812382871163,57.024040571057895,10.939300483416435,54.66547409814271,16.843603525164962,53.08214225464508,2.9348498096294007,14.665924616793216
2,18.0,20.0,19.0,38,19.05373408996127,0.5594509113444183,606.903458324556,69.69831843587595,55.09654167544388,69.69831843587592,223.15977658063142,44.64274167162855,2.2623757940539293,41.337600829894804,10.914992060847787,39.89607685260421,0.6069614029301894,11.090256649414549
2,20.0,22.0,21.0,30,20.90154541843417,0.5759831054088812,609.9750003749649,2.6201101056833007,52.02499962503505,2.6201101056832945,236.31613364920972,6.216599837983602,-5.729816489104693,0.42744121779268224,5.729816489104693,0.42744121779268224,-1.5372235964953112,0.11467605068243168
2,22.0,24.0,23.0,26,23.130973369431697,0.5506719051509231,599.5407277441681,2.650600580225776,62.45927225583197,2.650600580225769,260.20795810902,5.856088081103746,-7.499109316402609,0.46672367551735633,7.499109316402609,0.46672367551735633,-2.011898254646054,0.12521494334287264
2,24.0,26.0,25.0,35,24.89035305602778,0.5590382961647035,568.2895361689122,86.8275068996531,93.71046383108788,86.8275068996531,289.3643054267275,47.72388556380654,9.214410126691925,61.2730012890849,25.787409920452248,56.189271239441865,2.47208766658938,16.43862479518721
2,26.0,28.0,27.0,42,27.042563301337957,0.5903603434903657,578.5815550423885,8.827981992839343,83.41844495761154,8.827981992839314,301.27411350066967,6.160527194589367,-9.24141648629762,12.755306010133701,12.639531840289733,9.302168192340076,-2.4793330667379285,3.422056782547983
2,28.0,30.0,29.0,35,28.90040735828379,0.5747989795030626,564.1859540988966,38.380159969649846,97.81404590110348,38.38015996964984,322.30212574760634,13.901257735636733,-7.798693448230048,38.790644770114376,19.933789493954524,34.0335077508039,-2.092272171935796,10.406946640834683
2,30.0,32.0,31.0,39,31.08158554758841,0.5622306805983838,546.0244231802295,67.2448403784334,115.97557681977044,67.24484037843344,347.2294709214483,33.118460041801576,-7.888779946626026,38.52421265590194,21.979974082760254,32.43690168502189,-2.116441024694565,10.335466911316242
2,32.0,34.0,33.0,33,33.05893883867254,0.5349360448586158,536.3119616415948,62.52560743519285,125.68803835840514,62.525607435192825,365.8833682984614,27.07193817572207,-11.21224203201619,40.42363643726645,24.177987515772813,34.07154643877982,-3.008075922502184,10.845053747475829
2,34.0,36.0,35.0,37,35.01229667719504,0.6115054059576597,536.2679029302857,3.44537867297534,125.73209706971426,3.4453786729753473,379.849370112157,5.7790845474101795,-20.811986750853325,0.8234353747040845,20.811986750853325,0.8234353747040845,-5.583543065330963,0.2209153278453189
2,36.0,38.0,37.0,36,36.961705768779204,0.5644525668515428,525.2507229588314,3.1982163195130062,136.74927704116857,3.198216319512986,398.0471089774896,5.198259039186846,-23.492553362013737,0.7927293472440818,23.492553362013737,0.7927293472440818,-6.302698775551121,0.2126773624487123
2,38.0,40.0,39.0,44,38.777676122512744,0.5982453183393083,505.7067122598985,60.87548120710318,156.29328774010148,60.87548120710317,418.44223407318657,25.221826967850443,-21.02720355259342,33.66542191075954,29.988034839759983,25.79904164656617,-5.641282496711743,9.031926423053067
2,40.0,42.0,41.0,41,41.02793447803732,0.6262798494923902,472.9830068517149,82.82953307369986,189.01699314828508,82.82953307369988,442.5558988475159,24.247777945636816,-6.738907304050011,62.84860649183461,45.02096363665068,43.80566385146367,-1.8079474869881822,16.8613359764324
2,42.0,44.0,43.0,42,42.906288096290645,0.5253721634808669,482.49053854843794,41.90316133249559,179.5094614515621,41.90316133249559,452.4298381107735,9.544328355513006,-24.216072525540028,36.044179792892415,37.07389251759768,22.1789697055464,-6.4968080865219076,9.670111390009179
2,44.0,46.0,45.0,38,45.110211153241714,0.5649292016616062,466.0381752933422,63.708962127954486,195.9618247066579,63.7089621279545,472.61577248947424,21.705123879279494,-26.42449450952911,38.579048313808066,39.697005663788694,24.22861419739624,-7.089294493593117,10.350178493689416
2,46.0,48.0,47.0,31,46.92767622700786,0.6034488166026055,469.25205843455103,3.3131223187258523,192.74794156544894,3.3131223187258776,483.8676754030682,4.815441017668474,-38.39234751131732,0.9382251838458268,38.39234751131732,0.9382251838458268,-10.300089476070944,0.2517117073777905
2,48.0,50.0,49.0,29,48.99549645479164,0.6541945919675884,457.98265391148556,3.537058638784218,204.01734608851444,3.5370586387842184,500.1157264694009,5.057875712008076,-41.6155278705988,1.0218918713811,41.6155278705988,1.0218918713811,-11.164820294844848,0.2741582214266052
2,50.0,52.0,51.0,33,50.91384409625052,0.5802502238664096,447.69790737352685,3.081471362102505,214.3020926264731,3.0814713621025027,514.7160346233561,4.340592989250499,-44.613863733549714,0.9070283675620535,44.613863733549714,0.9070283675620535,-11.969228716564912,0.24334207072046704
2,52.0,54.0,53.0,31,53.19173684816411,0.5353593180540155,415.88378511739467,76.82744325958228,246.11621488260533,76.8274432595823,535.5137365901201,16.105101708543227,-34.61387719285613,52.52305605059177,55.529478610717476,28.467914683418623,-9.286382711946766,14.091146073271782
2,54.0,56.0,55.0,42,54.93186355476502,0.5879246625293408,402.7015828505385,76.310686259226,259.2984171494615,76.310686259226,547.5254464091153,11.960655659647093,-32.8054185323365,59.23876670617472,60.76527363122115,28.79580124838878,-8.801200449735873,15.892870248317776
2,56.0,58.0,57.0,33,56.80984629970051,0.5139327370676614,418.490409103372,6.380454336370689,243.50959089662805,6.3804543363707005,556.8622639791425,3.8515089701559537,-54.96103789429301,7.132005428280317,54.96103789429301,7.132005428280317,-14.745219938480382,1.9134098021345596
2,58.0,60.0,59.0,34,59.01260854457885,0.5294679906312441,397.4841709445535,44.77355707398734,264.5158290554465,44.773557073987334,571.9991700904146,6.004564125270982,-49.99094791993701,33.94402827892194,58.16484840410846,15.535533560665018,-13.411819540786558,9.10667232182443
2,60.0,62.0,61.0,33,61.090658117284796,0.5239949113897018,391.1953990360107,31.701635070681636,270.8046009639893,31.701635070681636,584.6079419665926,3.418000564878354,-55.6554649376353,26.238949461400722,61.13707925807237,5.3164058317144125,-14.931524271106056,7.039515547489313
2,62.0,64.0,63.0,20,63.157709053103474,0.5630071611074661,362.9369611080731,74.90447532621279,299.0630388919269,74.90447532621279,598.5521528742343,5.862974724991056,-44.39915979907277,58.43918020255845,69.53807965448013,20.003204018107176,-11.911626879758106,15.678353213935374
2,64.0,66.0,65.0,27,65.04183175936475,0.5388560807762507,371.6802317229813,40.651004976087755,290.3197682770187,40.651004976087755,608.5471519192122,5.597398091982233,-60.28709929913784,37.55031385493861,68.21682823309642,18.757195956755293,-16.174122117717495,10.074184508941563
2,66.0,68.0,67.0,27,66.77586888123354,0.47989941371953077,359.7574755986729,56.759631930517976,302.2425244013271,56.759631930517976,618.9163324091501,7.003593932696673,-59.55937490645532,51.249241915962905,74.05829987001773,24.792340186854975,-15.9788846070042,13.749400897134958
2,68.0,70.0,69.0,25,68.85864574303686,0.5137377166618576,339.3711985527563,68.4789602531662,322.6288014472437,68.4789602531662,628.984311520567,2.7678838134318213,-52.36520541403063,55.80939350367785,73.16158292296221,19.885044353383126,-14.048797121310582,14.972820990528962
2,70.0,72.0,71.0,39,70.78354618643452,0.5261995793933029,346.6016458633698,35.94300883818544,315.3983541366302,35.94300883818545,639.2404572590111,3.939294433946489,-67.38310768162152,31.43304506833421,73.17202878918276,12.367762626656004,-18.077874453804423,8.43301328770724
2,72.0,74.0,73.0,19,72.72810404863868,0.5565291995712913,343.91116289731764,10.987927162383762,318.08883710268236,10.987927162383762,649.1730234713062,3.707257841421864,-74.1692784420239,10.865678337238927,74.1692784420239,10.865678337238927,-19.89850201536304,2.9150980949725884
2,74.0,76.0,75.0,25,74.966147218264,0.5472216501768031,331.16795166805787,33.55869838506532,330.83204833194213,33.55869838506533,659.7062227085231,4.948267281597243,-73.42376452178857,30.52443832001958,79.26818513610085,1.470438973030391,-19.698491841934164,8.189247761167247
2,76.0,78.0,77.0,20,77.15422059562647,0.6030907723072002,333.8728964768969,19.141353553812028,328.1271035231031,19.141353553812028,672.051839366541,5.58317387363126,-86.42390298926338,18.32048317570169,86.42390298926338,18.32048317570169,-23.18623349088727,4.915110124457845
2,78.0,80.0,79.0,23,78.97901862868711,0.6058598475697693,322.30812712591575,3.83224499074964,339.69187287408425,3.83224499074964,678.6247423314252,2.8114286032158464,-83.52573333561358,3.3144603379272604,83.52573333561358,3.3144603379272604,-22.40869815677864,0.8892198643356083
2,80.0,82.0,81.0,27,81.11825236030927,0.6499796801239137,309.9464061801148,30.734457472298004,352.0535938198852,30.73445747229801,686.9315235603472,7.003462683352253,-81.33998821590488,29.721244798952767,86.32738606437135,3.868595726673832,-21.82229561136908,7.973763018246803
2,82.0,84.0,83.0,19,82.96244014958367,0.6092409481629271,302.65077603446,37.78353042314114,359.34922396554,37.78353042314114,694.293517321968,8.902699403277294,-82.28975136201827,36.76789088381584,89.39445688075939,8.021676559711526,-22.07710278051024,9.864272192214324
2,84.0,86.0,85.0,18,85.07754336831965,0.6085254993721914,286.8186870183072,58.68997271108509,375.1813129816928,58.68997271108509,700.7296190598352,16.177476224372047,-75.70133278142514,58.40223781788287,91.65009885893545,24.182011361008534,-20.309529154909114,15.66844212768295
2,86.0,88.0,87.0,19,87.17746668291711,0.5326426845426754,292.77171505144224,17.112804185588303,369.22828494855776,17.1128041855883,710.6897584124371,5.658941807749967,-89.76032046205825,17.325737364553646,89.76032046205825,17.325737364553646,-24.081344124306682,4.64823478275723
2,88.0,90.0,89.0,21,88.8311533824873,0.5952020990918208,286.1103252396758,35.43644878316001,375.8896747603242,35.43644878316001,716.5946344840127,12.056174491417101,-89.77081985810784,36.69876802927443,94.42631273073671,21.128055164736637,-24.084160954372198,9.845727569841129
2,90.0,92.0,91.0,28,91.19101001288662,0.5233726463391717,281.00536756134954,23.70107222614961,380.99463243865046,23.70107222614962,724.8790947220297,8.447048870929764,-93.63146808838158,25.01154644181251,96.00964354403244,12.564788922829552,-25.11991481640766,6.710221775566888
2,92.0,94.0,93.0,27,92.96174928196439,0.6451514589979317,282.7427081547768,26.745447516177116,379.25729184522316,26.745447516177112,733.6521907498756,13.385721785897848,-102.26648289356596,29.852163025273587,102.26648289356596,29.852163025273587,-27.436559431441378,8.008886409562102
2,94.0,96.0,95.0,28,94.93195012855354,0.4378017373187856,270.1137352270438,25.99963213888431,391.8862647729562,25.999632138884316,736.5672795621765,9.814505147977592,-96.11606628137554,27.97424747083615,99.44525380006972,10.362667173083285,-25.786495147094083,7.505069907236758
2,96.0,98.0,97.0,30,97.0717810001927,0.5868949145176011,257.8842140413512,38.38692766731553,404.1157859586488,38.38692766731553,740.1494358989463,14.937229159963211,-90.41632206535671,41.382492458285974,96.28153466772852,24.077555090783527,-24.257339489227476,11.102300398211606
2,98.0,100.0,99.0,20,99.05626269734816,0.6715055257641315,260.0560156063889,27.422546174687803,401.9439843936111,27.422546174687806,748.7118614352373,11.750467384779377,-99.67139445746776,30.12529317909146,102.28177407403282,18.777987954392525,-26.740336230131554,8.082163122378576
2,100.0,102.0,101.0,27,100.97297512027863,0.6207948607092502,253.66758957569814,27.673952798788374,408.3324104243019,27.673952798788374,753.0673888771213,12.991042656508176,-99.04922575953148,31.258775201860402,100.27547930406837,26.89400548055076,-26.573417724925143,8.386259303280163
2,102.0,104.0,103.0,17,103.02460296411539,0.5758884112217941,249.14123179159725,35.67043881822837,412.85876820840275,35.67043881822836,758.6117903277077,17.88857728765906,-100.51807425954578,40.000366439500226,100.84955597992828,39.10380763125053,-26.967487688281253,10.73149677239783
2,104.0,106.0,105.0,17,104.77288908237273,0.5096490553530577,240.55348728770167,27.439736005122114,421.44651271229833,27.439736005122118,760.2050267196629,14.45307674935811,-96.37018875510194,32.0281986095863,96.85090073464316,30.44858917883172,-25.854672385187968,8.592684032641237
2,106.0,108.0,107.0,17,106.85202934132522,0.6388034766486897,227.78407283765745,38.35079676717499,434.2159271623426,38.350796767175,760.5507991909899,19.908385873182684,-87.68488862238166,44.52116838807741,88.18192541234656,43.46560583537339,-23.524536972989516,11.944359949368568
2,108.0,110.0,109.0,19,109.00639134141566,0.677994790115826,247.58115017229073,11.96234105474579,414.41884982770927,11.962341054745794,778.6955990743412,7.628482498665312,-117.30433626377919,13.901802631448977,117.30433626377919,13.901802631448977,-31.470989344735226,3.729644584520219
2,110.0,112.0,111.0,17,111.11165802615145,0.568866578371705,226.6584804481838,45.90852612671981,435.3415195518162,45.90852612671981,773.883415786106,26.372621929249526,-98.15988342062634,54.55056272648284,101.51127068682271,47.589547909883514,-26.334820549722952,14.635095623865242
2,112.0,114.0,113.0,19,113.20329569252475,0.525882321925538,235.4815634992816,2.2849084380042024,426.5184365007184,2.2849084380042046,785.1876370416076,1.5527343066240205,-115.0141767017356,2.3402631760532087,115.0141767017356,2.3402631760532087,-30.856573974678074,0.6278574162154666
2,114.0,116.0,115.0,19,114.81551253891197,0.5082419195543558,237.2064028817719,22.890838181080756,424.7935971182281,22.890838181080774,791.5606348272221,14.933401814191754,-121.2038265703066,26.953093490478295,121.2038265703066,26.953093490478295,-32.51716395170511,7.231109650874956
2,116.0,118.0,117.0,14,117.0785485912777,0.5671810827333603,224.03139463536698,23.281223225887867,437.968605364633,23.281223225887867,789.704504449546,14.261568741952754,-111.09545566698213,28.505479432100454,111.09545566698213,28.505479432100454,-29.8052400525254,7.647591453541215
2,118.0,120.0,119.0,17,119.09067741726157,0.5207015874824876,219.7134489725474,22.131903307974177,442.2865510274526,22.131903307974188,792.5941937593583,14.616153290539634,-110.78781053945399,28.078630743975882,110.78781053945399,28.078630743975882,-29.722703491314004,7.533074369658013
2,120.0,122.0,121.0,10,120.86644326691639,0.7089126016602565,219.00946427947457,17.343388877572384,442.99053572052543,17.343388877572387,796.9740098783245,12.617650248162228,-114.22356827806304,22.482350457852853,114.22356827806304,22.482350457852853,-30.64446562412822,6.031676528245806
2,122.0,124.0,123.0,11,122.99227261133962,0.5007615686004553,223.51713566946472,9.430896885357082,438.4828643305353,9.430896885357091,805.8531638816432,7.476141661428328,-124.8108318149534,12.044714883656622,124.8108318149534,12.044714883656622,-33.484869215093006,3.231415869499922
2,124.0,126.0,125.0,10,124.71934259395746,0.601083075406606,209.70015900295593,18.974893200456396,452.29984099704404,18.97489320045641,800.3419899637881,14.19180944116884,-111.10532625787373,24.87775626279997,111.10532625787373,24.87775626279997,-29.807888183623277,6.674327882534106
2,126.0,128.0,127.0,13,126.86223683190377,0.5596385415370335,212.08400637909884,11.957364035112041,449.91599362090113,11.957364035112043,807.3076850862087,9.263644414897568,-118.75386880949765,15.820603531787828,118.75386880949765,15.820603531787828,-31.859877128035684,4.244430010298877
2,128.0,130.0,129.0,14,129.04609830848057,0.49569835900498743,209.66797385845214,11.412973660040523,452.33202614154783,11.412973660040523,810.6137197536954,8.445052992500873,-120.06228388603805,14.70769262816964,120.06228388603805,14.70769262816964,-32.210905216543,3.945852751307791
2,130.0,132.0,131.0,8,130.9100091107134,0.6415199973427267,210.57246464685915,0.7315527729210161,451.42753535314085,0.7315527729210329,815.563972318657,0.863231790804469,-124.93614651227865,0.27270451959555014,124.93614651227865,0.27270451959555014,-33.518489263847165,0.0731625215555011
2,132.0,134.0,133.0,17,132.8719382507292,0.6513207848606631,207.37306226166993,8.88951429869346,454.62693773833007,8.88951429869347,817.328921044615,6.5865429901967865,-124.36895532306738,11.25426147706203,124.36895532306738,11.25426147706203,-33.366320397455425,3.0193491077008594
2,134.0,136.0,135.0,24,134.84093368740653,0.5184270839121304,206.2975776845901,0.533472005029925,455.70242231540993,0.5334720050299316,820.6043347062669,0.6284347844649029,-126.53156038591293,0.19935463118682503,126.53156038591293,0.19935463118682503,-33.94651481359907,0.053483849563720536
2,136.0,138.0,137.0,15,136.80850291681284,0.515654457582827,204.9494465145336,2.4682059581115117,457.0505534854664,2.4682059581115072,823.4525863432332,2.1215015487281557,-128.0955799599614,3.207243167214327,128.0955799599614,3.207243167214327,-34.36611774489358,0.8604551098128772
2,138.0,140.0,139.0,20,138.82299724254653,0.6501548084307316,200.22384772661135,16.524495757237055,461.7761522733887,16.524495757237055,823.3663157016829,13.999947323122079,-124.8480427049121,22.297402440406064,124.8480427049121,22.297402440406064,-33.494852337275006,5.982057756495465
2,140.0,142.0,141.0,13,140.99947463464085,0.7748281807378965,196.69847336360272,14.090587634565273,465.3015266363973,14.090587634565248,824.1938773662752,11.567733177393714,-123.44130805356912,18.88211348052041,123.44130805356912,18.88211348052041,-33.117446585421696,5.065787089194125
2,142.0,144.0,143.0,9,143.1007945095579,0.700732347766685,200.25031033543888,16.007009375613098,461.7496896645611,16.007009375613105,830.8901455250963,13.851579129446547,-131.25077367068343,21.620411729484232,131.25077367068343,21.620411729484232,-35.21260876827247,5.800431329642866
2,144.0,146.0,145.0,14,145.05519360478735,0.5862187621390378,197.17858867405403,0.4452272917053736,464.821411325946,0.44522729170536635,831.327458917958,0.522606071096085,-129.94814899042547,0.16725185052138303,129.94814899042547,0.16725185052138303,-34.86313415600917,0.044871156287093775
2,146.0,148.0,147.0,12,146.9787914271626,0.5642237840582157,194.87034809981242,3.535944910141783,467.1296519001876,3.5359449101417884,832.1879126633503,3.039897616219816,-129.24575029000707,4.730501116693288,129.24575029000707,4.730501116693288,-34.674691147671304,1.269122310226831
2,148.0,150.0,149.0,10,148.40265608605213,0.38830123522065074,191.69397427973007,9.825801012419587,470.30602572026993,9.825801012419598,831.3629679499938,8.716560748684206,-126.51908810859473,13.671061238616241,126.51908810859473,13.671061238616241,-33.94316868915826,3.6677401388149984
2,150.0,152.0,151.0,11,151.04034408720645,0.7249016701094916,194.64526820330232,5.182202813009985,467.35473179669765,5.182202813009985,837.6194683591574,4.984048654711006,-133.66928545001787,7.2417156590786735,133.66928545001787,7.2417156590786735,-35.86145910801095,1.9428434071864626
2,152.0,154.0,153.0,5,153.28728642595576,0.5628343039314356,197.69976156398678,9.56274960016018,464.3002384360132,9.562749600160156,843.2978511733756,9.072296497258158,-140.22976237732456,13.256246881444602,140.22976237732456,13.256246881444602,-37.62153640823435,3.5564516849488386
2,154.0,156.0,155.0,9,155.11881071831894,0.5721795298112019,190.73971576468102,0.29901134496353626,471.260284235319,0.2990113449635454,838.8761584103275,0.3501190019798591,-132.37128322028556,0.11273000037958548,132.37128322028556,0.11273000037958548,-35.51322462970922,0.03024376381790886
2,156.0,158.0,157.0,4,156.39602821185935,0.3814210423364134,190.08824230450594,0.18774176675814477,471.91175769549403,0.1877417667581584,839.6389014679622,0.2197735673434896,-132.61693330415184,0.07080755149893887,132.61693330415184,0.07080755149893887,-35.579128853015206,0.018996601231677852
2,158.0,160.0,159.0,6,159.25303276094465,0.7171443006461223,183.4269413638116,9.206682313518963,478.57305863618836,9.20668231351897,836.0530465656781,8.79706889204218,-125.44366921992878,13.198785354375115,125.44366921992878,13.198785354375115,-33.654649973957255,3.5410356213681218
2,160.0,162.0,161.0,8,161.0630962925115,0.5320656686675653,189.10309871501437,3.030171321132347,472.89690128498563,3.0301713211323507,843.099935929699,3.0005908816634426,-134.92058784409912,4.324094114474232,134.92058784409912,4.324094114474232,-36.19716472270042,1.1600894232609045
2,162.0,164.0,163.0,6,162.93394160633065,0.7439422419912438,175.8223331285158,21.230447891352746,486.17766687148423,21.230447891352743,831.6696427408468,20.436027675458895,-116.68309700139265,31.30722788087045,116.68309700139265,31.30722788087045,-31.304320193109543,8.399258428405599
2,164.0,166.0,165.0,5,164.8246876235891,0.37467587002950886,186.69943457180958,0.11543615540734412,475.3005654281904,0.11543615540731467,843.6034407811796,0.13495969360222335,-133.89620039048071,0.04361878861550695,133.89620039048071,0.04361878861550695,-35.92233697408923,0.011702265026778999
2,166.0,168.0,167.0,5,167.3111765799797,0.3541709644406842,185.98932623803032,0.09292893586382857,476.0106737619697,0.09292893586380734,844.4335556375311,0.108620756390503,-134.16456673571236,0.035126155301344414,134.16456673571236,0.035126155301344414,-35.99433562870229,0.009423819224587461
2,168.0,170.0,169.0,9,168.83074790828675,0.6498802150332076,185.62181684898027,0.1467372733761154,476.3781831510198,0.1467372733761084,844.8630842077414,0.17148796913083708,-134.3034994307758,0.05547806234778328,134.3034994307758,0.05547806234778328,-36.03160918145608,0.014883929824106778
2,170.0,172.0,171.0,5,170.30470402273323,0.32159970187964987,185.30524465313061,0.06227438623813579,476.69475534686933,0.06227438623815962,845.2330385232839,0.07276951191129771,-134.42319552327552,0.023548797533583396,134.42319552327552,0.023548797533583396,-36.063721843030635,0.006317788240957128
2,172.0,174.0,173.0,1,172.37187219119016,,184.94001509421923,,477.05998490578077,,845.6597978982119,,-134.56131626402473,,134.56131626402473,,-36.100777560652446,
2,174.0,176.0,175.0,0,,,,,,,,,,,,,,
2,176.0,178.0,177.0,1,177.26645230997238,,184.42528743089213,,477.5747125691079,,846.2611424484884,,-134.7560205940638,,134.7560205940638,,-36.15301380435153,
2,178.0,180.0,179.0,1,179.76122118677162,,184.35015757235206,,477.64984242764797,,846.3489053904168,,-134.78444427946968,,134.78444427946968,,-36.16063945169789,
3,0.0,2.0,1.0,3,1.5751811534944575,0.30368462336838953,661.6680706378752,0.11790264803255053,0.33192936212484864,0.11790264803254948,18.19747199455687,3.5076791366785214,-0.003088187598373144,0.001501763706450015,0.003088187598373144,0.001501763706450015,-0.000828514291103441,0.0004029006182492837
3,2.0,4.0,3.0,7,3.6631548852387423,0.37237331759560094,660.2371644489738,0.340505085446369,1.7628355510261957,0.3405050854463535,42.29669990887531,4.294796375450735,-0.03702316100620361,0.010193429999439523,0.03702316100620361,0.010193429999439523,-0.00993275732718521,0.0027347439755108197
3,4.0,6.0,5.0,11,5.011045906977343,0.5606502286081758,658.7021289997299,0.727494374487571,3.2978710002701166,0.7274943744875555,57.82648986807894,6.454319732738952,-0.09505719566562987,0.031057578520586344,0.09505719566562987,0.031057578520586344,-0.025502416084657285,0.008332281259379603
3,6.0,8.0,7.0,33,7.024985148865031,0.6463454359121186,642.6018344386351,74.68538848882974,19.39816556136483,74.68538848882974,91.6289530805919,62.67173050427133,8.491428018635998,50.24661830778702,8.986705468183697,50.15770737956657,2.2781224395248127,13.480412060961593
3,8.0,10.0,9.0,18,8.918672776365694,0.5169570320929957,651.7611347463364,1.164836961318437,10.238865253663542,1.1648369613184386,102.65131221832347,5.904106788613535,-0.5121533899458096,0.0869423670459051,0.5121533899458096,0.0869423670459051,-0.1374030525317541,0.02332532960039092
3,10.0,12.0,11.0,24,10.953082855963878,0.5542167881639691,646.7043188347325,1.504640026074758,15.295681165267487,1.5046400260747517,125.81868663755951,6.291888951335499,-0.9318240452410919,0.13645798336669313,0.9318240452410919,0.13645798336669313,-0.24999437815331194,0.03660962482137404
3,12.0,14.0,13.0,35,13.166435801498336,0.5883175072310822,640.1629743885757,1.858244383286027,21.83702561142428,1.858244383286038,150.8473180679302,6.629092707681256,-1.5832453045991204,0.19827896865013667,1.5832453045991204,0.19827896865013667,-0.42476090567613717,0.05319526548142037
3,14.0,16.0,15.0,27,14.956706702599247,0.5954079842546582,634.1336326297119,2.117559801683586,27.866367370288142,2.117559801683582,170.93161134237513,6.651462404876515,-2.2744564441748953,0.2575242690697281,2.2744564441748953,0.2575242690697281,-0.6102024596834492,0.06908988862679097
3,16.0,18.0,17.0,31,16.950601486108678,0.56996261051085,626.6995686995344,2.232293842897779,35.300431300465604,2.2322938428977683,193.10473309505346,6.304841068929919,-3.2294457714373075,0.303093494185435,3.2294457714373075,0.303093494185435,-0.8664117346332564,0.08131542643503886
3,18.0,20.0,19.0,42,19.063515816398528,0.5761015998775012,606.3767333778081,75.51676316772864,55.62326662219179,75.51676316772864,224.17683681353867,50.55098317942968,1.1670472810406025,36.539855466715466,9.895929963989689,35.16018065723812,0.31310123492657116,9.803093719104428
3,20.0,22.0,21.0,41,20.889537473613842,0.5279082197286555,610.0327259452528,2.3925144983229183,51.967274054747286,2.3925144983229174,236.188268050336,5.702459036831059,-5.719710152176606,0.38843405631691946,5.719710152176606,0.38843405631691946,-1.5345122182810997,0.10421101586554615
3,22.0,24.0,23.0,45,22.93961232447561,0.5874363193180514,600.4585321715408,2.8198486019995572,61.54146782845917,2.819848601999534,258.1707791241814,6.252243857520282,-7.338312026951418,0.4946125541374953,7.338312026951418,0.4946125541374953,-1.9687587600275305,0.13269711007128215
3,24.0,26.0,25.0,50,25.20026702874195,0.5621266317955769,589.3196982968632,2.8348127464219837,72.6803017031368,2.834812746421993,282.0204573357493,5.879160479342903,-9.368357537782334,0.53453510886371,9.368357537782334,0.53453510886371,-2.5133894418552263,0.14340773113117247
3,26.0,28.0,27.0,54,27.000346553767198,0.5660560393539984,576.0347969033136,30.502333182014766,85.9652030966864,30.502333182014784,302.0698770277514,12.796875866901907,-7.001512474878041,30.453998546941758,14.875801179622865,27.421294621515962,-1.8784005051478627,8.170349829355139
3,28.0,30.0,29.0,46,29.04277316575762,0.5305509096633337,562.4080400855784,38.22907445890738,99.5919599144216,38.22907445890738,323.57931477752066,15.077911145653779,-6.3419428468570604,35.80952012750559,19.176094363679677,30.782162783949612,-1.7014478928515633,9.607155730702424
3,30.0,32.0,31.0,51,30.916640647023108,0.6129667840595298,552.8610573707856,50.586669589407364,109.1389426292144,50.586669589407364,343.2244780965453,23.506158577401294,-12.042081265218783,33.568946847365325,20.55404332352824,29.049407518552755,-3.230709309278577,9.006043614379358
3,32.0,34.0,33.0,46,32.97916232645507,0.6252877145349439,547.668099532306,3.487763069003983,114.33190046769396,3.4877630690039636,360.40932530033353,6.045604354668565,-18.137958704765996,0.8028105553423543,18.137958704765996,0.8028105553423543,-4.866141553790061,0.21538199897578325
3,34.0,36.0,35.0,44,34.87458653003196,0.5284614217138978,537.044738106845,2.977179858150771,124.95526189315501,2.9771798581507727,378.5526281383541,4.995986503867394,-20.6253031423812,0.7111702635949356,20.6253031423812,0.7111702635949356,-5.533458660609114,0.19079628682745933
3,36.0,38.0,37.0,49,37.05435358293482,0.5922690851435427,524.7256166220012,3.355744642585344,137.27438337799876,3.3557446425853437,398.89879309675763,5.4560495956415425,-23.623020874229844,0.8314548720180541,23.623020874229844,0.8314548720180541,-6.337701247050164,0.2230668383738857
3,38.0,40.0,39.0,61,39.05427498439328,0.566295584744612,506.1300095338786,56.85669750099763,155.8699904661214,56.85669750099766,420.21033935385105,25.135388554471938,-22.898536360232693,27.956511143066887,29.18629659440016,21.180445969795755,-6.143332947065417,7.500311517223059
3,40.0,42.0,41.0,61,41.02900224839878,0.5412202228967807,496.67004482408896,42.6228597179229,165.32995517591107,42.62285971792289,436.4665543042088,14.628551542484615,-25.788189466268832,28.26946184017577,32.06031505441456,20.743243941156905,-6.918583419524929,7.584271482965453
3,42.0,44.0,43.0,50,42.9883608185266,0.5829954437376448,489.3089426511452,13.160269828558198,172.69105734885486,13.160269828558164,451.5803271962157,4.975981044504735,-30.4145224578125,13.665245770940489,32.977875031639506,4.5744518880933756,-8.159758988300762,3.6661799362931835
3,44.0,46.0,45.0,50,45.02792626481223,0.5796173936653336,479.753536735862,3.223633104317229,182.24646326413801,3.2236331043172526,468.4625204878852,4.771557233838107,-35.45170778664565,0.8928450193153729,35.45170778664565,0.8928450193153729,-9.511160060590992,0.23953689168138811
3,46.0,48.0,47.0,44,46.95616497619855,0.5988773640273699,469.09551589605184,3.2889137841875455,192.90448410394814,3.288913784187542,484.0953695512983,4.781860411426574,-38.43663537692556,0.9309890124316236,38.43663537692556,0.9309890124316236,-10.311971244392995,0.24977035140812667
3,48.0,50.0,49.0,38,48.98074755726561,0.5440684238062652,458.0595199971074,2.9438800196359582,203.94048000289263,2.943880019635951,500.00960481346414,4.212577770954144,-41.59237138015275,0.8497826185547744,41.59237138015275,0.8497826185547744,-11.158607756695789,0.22798389714887474
3,50.0,52.0,51.0,41,50.887990130032534,0.5526352379436964,447.8345612373653,2.9359642279414975,214.16543876263472,2.935964227941497,514.524207369005,4.136880534160063,-44.5734660353734,0.8638757678013985,44.5734660353734,0.8638757678013985,-11.958390621662776,0.23176487715269115
3,52.0,54.0,53.0,38,53.07431919338949,0.6089602476833506,436.3424103492254,3.166871016992359,225.65758965077455,3.16687101699236,530.5976289459996,4.398043101788971,-47.98642657387683,0.9488577715859983,47.98642657387683,0.9488577715859983,-12.874036608523097,0.2545642707708895
3,54.0,56.0,55.0,54,55.034948055415434,0.5898918870321003,421.02242288836925,39.24702929806921,240.9775771116308,39.24702929806921,545.336346758161,8.038375437502026,-47.2602801573159,27.53211035772018,52.86056856298804,13.664996195345706,-12.67922244507292,7.386451168842503
3,56.0,58.0,57.0,40,56.995179481627886,0.5176672937365991,417.5695542496154,7.333531337538083,244.43044575038456,7.3335313375380915,558.1196084898331,3.830642509925053,-55.25097914778287,7.763692419372736,55.25097914778287,7.763692419372736,-14.82300681652605,2.082881922254435
3,58.0,60.0,59.0,42,59.002197767105656,0.5138832577288956,394.5039155841747,49.86974406929591,267.49608441582535,49.86974406929593,572.1087504355239,6.982502205961037,-47.46935088414965,38.130483789479115,58.65225762508482,15.43504675873934,-12.73531297698374,10.229835377524996
3,60.0,62.0,61.0,37,60.88425461057874,0.5520740229095574,390.0181515408547,46.26430292063625,271.9818484591453,46.264302920636254,584.0225675874091,6.1713061812360355,-54.353327801566174,33.94192622637059,62.270546985913555,14.250239762190036,-14.58218045961672,9.106108372736506
3,62.0,64.0,63.0,34,63.155687858185665,0.5604368418108592,387.03273505767964,2.5605821439815517,274.96726494232036,2.5605821439815517,597.1752474812328,3.3710385159557017,-63.30466928946065,0.8214589194763819,63.30466928946065,0.8214589194763819,-16.98369076656006,0.2203850746305401
3,64.0,66.0,65.0,31,65.1068087179175,0.5961156255014733,371.02483246934526,40.824728311300674,290.97516753065474,40.824728311300674,608.7851604092399,3.610200718499122,-60.22422081615042,32.77201875982466,67.72732349368387,9.053757216304541,-16.157252766326593,8.792239793051598
3,66.0,68.0,67.0,27,66.81073117256933,0.5395446677654644,370.80055982015267,2.3264296076467605,291.19944017984733,2.3264296076467605,618.3839844306466,3.0172517180610807,-68.56409740984293,0.7611431936718324,68.56409740984293,0.7611431936718324,-18.394716237636874,0.20420327245191908
3,68.0,70.0,69.0,40,69.02204412277875,0.5584089656710115,356.3019197025802,38.206587107170925,305.6980802974198,38.206587107170925,630.6752482415191,3.5987626732721543,-67.61415008579147,31.72266171904968,73.83660333831196,10.177823260425253,-18.13985965632467,8.510713079710062
3,70.0,72.0,71.0,26,70.93563811101991,0.619480512011982,353.57851020242185,2.497223734829971,308.42148979757815,2.497223734829971,640.5670092734156,3.193873616527063,-74.25037004595207,0.8322975737830833,74.25037004595207,0.8322975737830833,-19.920257673205324,0.223292922584519
3,72.0,74.0,73.0,26,72.96506576080338,0.635652066669988,337.85843408042575,38.48513855184321,324.14156591957425,38.48513855184321,650.2853830198738,4.766492254509054,-70.25622903566419,34.34340962983837,77.8008856940746,4.2128475729947095,-18.848689705815932,9.213820332200733
3,74.0,76.0,75.0,25,74.88618424365458,0.5731146155744404,339.29763602195356,6.58058693518276,322.7023639780464,6.58058693518276,660.4782155387333,2.7580767816159995,-80.5670199569738,5.553458528025453,80.5670199569738,5.553458528025453,-21.6149198517387,1.4899094076872899
3,76.0,78.0,77.0,21,76.9867718760855,0.6534290931998046,330.3878818853416,2.373477908615415,331.6121181146584,2.373477908615415,669.9778633809726,2.9850827524524246,-82.06788684592266,0.80911663443161,82.06788684592266,0.80911663443161,-22.017579867339165,0.21707382516180446
3,78.0,80.0,79.0,27,79.05861367222934,0.5751809554894546,318.12670808415976,25.27795438637657,343.87329191584024,25.277954386376578,678.2953002293084,5.685744906710479,-79.93289445469287,24.276793430050965,83.00636870337601,8.32537868428354,-21.444793515738365,6.513098592054195
3,80.0,82.0,81.0,26,80.97538112988428,0.5781593051720978,310.14760943167477,32.52689111592468,351.8523905683252,32.52689111592467,686.1985334363845,6.290517790828568,-80.85811956990376,30.441246344838053,86.11646537948013,3.6795333385902746,-21.693017500202224,8.166928605304008
3,82.0,84.0,83.0,31,83.18820924417312,0.588143908872326,307.89779964624773,13.010616354435033,354.10220035375227,13.010616354435037,696.2898002391512,4.556757463087526,-88.21495596409706,13.085401204381474,88.21495596409706,13.085401204381474,-23.666746069383066,3.5106163590461588
3,84.0,86.0,85.0,34,85.04500218881108,0.4492656261867543,301.3583280494767,11.144699464656277,360.6416719505233,11.144699464656277,703.3199936223093,3.228249867072488,-89.59996383701669,10.68419906168974,89.59996383701669,10.68419906168974,-24.038322853322356,2.866409934508888
3,86.0,88.0,87.0,25,87.06394269747476,0.5817073123598798,296.98440174116433,1.7497351904373986,365.01559825883567,1.7497351904373986,711.5335669112346,2.1541935034519297,-93.62647307565253,0.6141589427506506,93.62647307565253,0.6141589427506506,-25.118574729609676,0.16476960834437335
3,88.0,90.0,89.0,33,89.17023754562707,0.5788546334737754,293.2426457884107,11.271367451244046,368.7573542115893,11.271367451244046,720.1929183927311,4.896264265876217,-98.39772355678949,11.487512208629095,98.39772355678949,11.487512208629095,-26.398629481509662,3.08192677125195
3,90.0,92.0,91.0,25,91.04394060954823,0.5927644466845516,281.2402793429365,21.306968379328545,380.7597206570635,21.306968379328538,724.1987516754956,7.480369290284941,-93.2574111689109,22.1205791308146,94.28816630781299,16.969140264905462,-25.019560970148177,5.9346187216797315
3,92.0,94.0,93.0,23,93.03231308635904,0.5977394900646166,280.65703787890584,3.370210295312667,381.34296212109416,3.370210295312667,732.5657264602223,2.339218445499546,-100.27504000442605,3.2171469169457385,100.27504000442605,3.2171469169457385,-26.90228525248996,0.8631121369288187
3,94.0,96.0,95.0,35,95.08125392440633,0.539846130030117,270.4337290049336,25.113173853439978,391.5662709950664,25.113173853439978,737.2906342581155,9.263398022580207,-96.99337631152802,26.828431150411205,100.2599277058622,7.5150211872310555,-26.02186423480515,7.1976646197627305
3,96.0,98.0,97.0,30,97.02090318114871,0.602878378702382,268.4887767721365,7.259176202119714,393.5112232278635,7.259176202119714,744.1757602171373,3.6901153295573366,-101.8527620728826,7.812503057898552,101.8527620728826,7.812503057898552,-27.325564356969938,2.0959770825347968
3,98.0,100.0,99.0,17,99.06572266620226,0.6443025404825024,264.8486944593586,1.5275691634679087,397.1513055406414,1.5275691634679087,750.7435711530834,1.8480939619537708,-105.04879337591395,0.5494355471439474,105.04879337591395,0.5494355471439474,-28.183011492231525,0.1474052946423349
3,100.0,102.0,101.0,21,101.07204721101864,0.6437713799260358,260.19938662978484,1.4604931772069314,401.80061337021516,1.4604931772069314,756.3611284776829,1.762546616158973,-106.72412710168484,0.5271626528537701,106.72412710168484,0.5271626528537701,-28.632478336441366,0.14142981205398017
3,102.0,104.0,103.0,28,103.04335119305813,0.5466913856461715,251.6719392534723,21.99483873217445,410.3280607465277,21.994838732174454,759.6841321371131,10.43627156175469,-103.57620581488602,25.03295001802858,105.30020843802335,15.912508739049988,-27.787938395035123,6.715964033189151
3,104.0,106.0,105.0,19,105.031354081993,0.6315350457849283,251.57718003535516,1.3187782397817216,410.4228199646448,1.3187782397817123,766.7446684108803,1.5848438808976597,-109.84560763535522,0.4788595434625808,109.84560763535522,0.4788595434625808,-29.46992462141108,0.1284708142079909
3,106.0,108.0,107.0,30,107.0050407604406,0.6004204220004759,243.9814109753783,15.249033716149782,418.01858902462175,15.249033716149771,769.66044192412,8.37794122122525,-107.1559986328179,17.688044478178846,107.1559986328179,17.688044478178846,-28.748342973568,4.745436332807186
3,108.0,110.0,109.0,21,108.7537208408324,0.44420626180969186,244.1036061252003,0.8541954803965602,417.89639387479974,0.8541954803965588,775.7101895402845,1.0227912324443547,-112.56616996493197,0.3117832576672664,112.56616996493197,0.3117832576672664,-30.199810581408915,0.08364675929668147
3,110.0,112.0,111.0,13,110.81936577762802,0.5307339650825607,240.21256878129458,0.9774851720112622,421.7874312187054,0.9774851720112827,780.3653594139736,1.1684010840544408,-113.98809014611642,0.35766404505633487,113.98809014611642,0.35766404505633487,-30.581290382551927,0.09595588457746212
3,112.0,114.0,113.0,17,113.0906667996774,0.662352714290798,234.73157862580115,6.087354635490003,427.26842137419885,6.087354635490008,784.3565383304336,3.6584920543532715,-113.79732622850747,6.889159477409609,113.79732622850747,6.889159477409609,-30.53011129225018,1.8482578855414813
3,114.0,116.0,115.0,21,115.00997456398281,0.4978063102729885,232.83997725391168,0.8345773577560206,429.1600227460883,0.8345773577560128,789.1632623992574,0.9942352963640977,-116.69218640337485,0.30684917409507484,116.69218640337485,0.30684917409507484,-31.306758742970892,0.08232301887520826
3,116.0,118.0,117.0,21,116.94535709181379,0.7242201516970825,224.84065467257338,15.554076841722093,437.1593453274266,15.554076841722079,789.7972106990095,9.997075524341113,-111.88877976597448,19.031959711104516,111.88877976597448,19.031959711104516,-30.018076977924032,5.105988579405511
3,118.0,120.0,119.0,24,118.78980781234527,0.5977187736227705,226.76404234560982,0.9172305155286705,435.2359576543902,0.9172305155286792,796.3919933021117,1.0897172422864385,-118.93037896195621,0.3385683865349943,118.93037896195621,0.3385683865349943,-31.907232147502057,0.0908328065652012
3,120.0,122.0,121.0,16,121.27505185478068,0.5756082153679029,216.94035001123737,16.44090795802588,445.0596499887626,16.440907958025885,796.6077528077534,11.82033407142275,-112.60067621888388,21.14928434066768,112.60067621888388,21.14928434066768,-30.209068090423806,5.674034936246822
3,122.0,124.0,123.0,23,122.98912633173056,0.6167378900848056,212.10340570304865,41.00042649244009,449.8965942969513,41.00042649244008,798.0801277499781,26.710898259981644,-109.6315779903069,55.437480161753214,122.21190450202921,4.906295730963297,-29.412503686317702,14.87304223388901
3,124.0,126.0,125.0,14,124.70439980713344,0.5247230911068137,218.26370066495207,0.7012156149954593,443.73629933504793,0.7012156149954615,806.4733415575781,0.8301093835858362,-122.0759033143174,0.2601731811841908,122.0759033143174,0.2601731811841908,-32.751129027444854,0.06980055191158223
3,126.0,128.0,127.0,20,126.98417983829327,0.4683725513178184,212.5584587025005,12.312664596181774,449.4415412974995,12.312664596181778,807.9462574345897,9.076167892268195,-119.59435126864562,16.007160636012138,119.59435126864562,16.007160636012138,-32.08536593227565,4.294480475833466
3,128.0,130.0,129.0,14,128.95912672992887,0.4788387641472249,212.86026469752855,0.5752466021647723,449.1397353024714,0.5752466021647651,812.8629717105907,0.6794492765977785,-124.08395386799599,0.21413527210074557,124.08395386799599,0.21413527210074557,-33.28985879303854,0.05744927324306853
3,130.0,132.0,131.0,20,130.92820044187593,0.5969143222344787,212.8831157657885,6.1912555650420344,449.11688423421145,6.191255565042017,817.4359436689094,4.752023701512454,-127.93498484720854,7.7313000592003105,127.93498484720854,7.7313000592003105,-34.323032491242785,2.0741915391509074
3,132.0,134.0,133.0,21,133.05708315564493,0.45418396497664226,210.5892492133562,10.472620198841748,451.41075078664375,10.472620198841742,820.3595170789516,8.844514031850354,-128.90409870701504,13.550725266732,128.90409870701504,13.550725266732,-34.58303116586316,3.635455807224378
3,134.0,136.0,135.0,20,134.97109005110116,0.6396679274838211,203.4917591959803,12.158178762911138,458.5082408040197,12.158178762911138,818.5779626215441,9.569506472537679,-122.93757476108854,16.22636247931647,122.93757476108854,16.22636247931647,-32.98230251841469,4.353289033937099
3,136.0,138.0,137.0,13,137.1859885585696,0.5835709215946071,203.95799493100716,0.5666395504722319,458.0420050689928,0.566639550472247,823.3591530025252,0.6669501741031703,-127.40641574129603,0.21200685468850325,127.40641574129603,0.21200685468850325,-34.181225348984015,0.05687825085945241
3,138.0,140.0,139.0,11,138.9451053245763,0.6508513310647043,202.30224865095386,0.5972503909697354,459.69775134904614,0.5972503909697285,825.3072143265701,0.7024620233252876,-128.02627962053654,0.22370053550790234,128.02627962053654,0.22370053550790234,-34.34752550599524,0.06001548956851686
3,140.0,142.0,141.0,14,141.056259110398,0.5949855133872035,200.42232701369213,0.5144607432004789,461.5776729863079,0.5144607432004723,827.5175103987382,0.6046618033666527,-128.730774730424,0.192890291339304,128.730774730424,0.192890291339304,-34.536530949466915,0.051749564396251835
3,142.0,144.0,143.0,12,143.02634006400044,0.7919487837946305,195.2887581603849,12.273935078613388,466.71124183961507,12.2739350786134,826.3965673116426,10.399562811856352,-124.47561175654535,16.81446691544461,124.47561175654535,16.81446691544461,-33.39493471461063,4.511068609973924
3,144.0,146.0,145.0,20,144.94178986416222,0.5691872270326526,197.26486575990583,0.43338731614787385,464.73513424009417,0.43338731614787623,831.2261856108255,0.5087199176411201,-129.91573932250796,0.16279868169495185,129.91573932250796,0.16279868169495185,-34.85443912949792,0.04367643805969862
3,146.0,148.0,147.0,7,147.25705090311072,0.5793741980716433,195.55117983640366,0.4017027268822991,466.44882016359634,0.40170272688228287,833.2122247887326,0.4918932189973776,-130.53874750884196,0.1735046640706866,130.53874750884196,0.1735046640706866,-35.02158285681684,0.046548692129775804
3,148.0,150.0,149.0,15,148.9488989137797,0.542068489537394,196.41638394701968,7.68274141503194,465.58361605298035,7.682741415031948,836.4356647689377,7.326734523707532,-133.72455370246792,10.631493403677938,133.72455370246792,10.631493403677938,-35.87628674899471,2.852269799075474
3,150.0,152.0,151.0,14,151.13487191189031,0.4880439911033437,193.0027715281828,0.3010053544864566,468.9972284718172,0.3010053544864714,836.2251574641052,0.3527661623407282,-131.51862911215105,0.11333415727329986,131.51862911215105,0.11333415727329986,-35.284470355088835,0.030405850026911124
3,152.0,154.0,153.0,11,153.11910812887453,0.5967346924623375,191.83091823316042,0.339574086135546,470.1690817668396,0.33957408613556805,837.598175157951,0.3977827057125315,-131.96001775451808,0.1279431096860567,131.96001775451808,0.1279431096860567,-35.402888290036984,0.034325212263320366
3,154.0,156.0,155.0,13,154.8804362827438,0.5365627148246462,190.8646992237588,0.28250325341526245,471.1353007762412,0.2825032534152722,838.729810256781,0.3308007504046213,-132.32416438536157,0.10650088528581222,132.32416438536157,0.10650088528581222,-35.50058335489313,0.02857258591445409
3,156.0,158.0,157.0,7,157.12966002052653,0.725552989765074,190.5398080882162,2.356886311667789,471.46019191178374,2.356886311667771,840.8143513743688,1.7976471782211845,-133.8769747409254,2.9033351358627293,133.8769747409254,2.9033351358627293,-35.91717902143741,0.7789211553055279
3,158.0,160.0,159.0,11,158.8962730002596,0.6659545136492254,188.92518446684514,0.2923247543655076,473.07481553315483,0.29232475436552574,841.0001085509866,0.3420563986881903,-133.05572142347063,0.11031959815516786,133.05572142347063,0.11031959815516786,-35.69684910673733,0.029597089149797806
3,160.0,162.0,161.0,11,160.9954090750629,0.6051286856296453,188.0509917844705,0.2375078333229107,473.9490082155295,0.2375078333229139,842.0228599567902,0.2778213210982189,-133.3857078819214,0.08967630447269397,133.3857078819214,0.08967630447269397,-35.78537951105639,0.024058803897829856
3,162.0,164.0,163.0,12,163.09833227109294,0.5486768104760443,187.2707364072634,0.19215795283206896,474.7292635927366,0.19215795283208922,842.9354267992884,0.22471219890478358,-133.68037011696683,0.0725828263688195,133.68037011696683,0.0725828263688195,-35.864432957457204,0.01947288078189526
3,164.0,166.0,165.0,8,165.3421859160927,0.350340994845611,186.5409257377205,0.10567169597770325,475.4590742622795,0.10567169597772738,843.7887562121585,0.12353943916951153,-133.95609548900754,0.039931253105794144,133.95609548900754,0.039931253105794144,-35.93840592829481,0.010712954704321882
3,166.0,168.0,167.0,3,167.09459637550685,0.5941298526569303,186.04742962481873,0.15506480163274428,475.95257037518127,0.1550648016328114,844.3656392364387,0.1812476584778992,-134.14260511638707,0.058613389161746035,134.14260511638707,0.058613389161746035,-35.98844365650593,0.015725090857851922
3,168.0,170.0,169.0,4,169.07737842905442,0.6992743498454802,185.56613401900808,0.15587904676604786,476.4338659809919,0.15587904676605313,844.9281593098656,0.18216948111007483,-134.32455183150827,0.0589354278734468,134.32455183150827,0.0589354278734468,-36.037257223977235,0.015811489001239073
3,170.0,172.0,171.0,3,170.94554919229537,0.5303692026358267,185.1839719321584,0.09655199038080246,476.8160280678416,0.09655199038082174,845.3747474216044,0.11281955863205713,-134.46905522841632,0.036512817128360374,134.46905522841632,0.036512817128360374,-36.076025312261244,0.009795839739539182
3,172.0,174.0,173.0,2,173.33326986316607,0.5980215916688516,184.80220730382726,0.08098310258705864,477.19779269617277,0.08098310258703853,845.8208060822005,0.09461488104221963,-134.61343934894165,0.030631216238516796,134.61343934894165,0.030631216238516796,-36.114761400485506,0.008217894670922566
3,174.0,176.0,175.0,1,174.76402396460853,,184.62751063703556,,477.3724893629644,,846.0249033317615,,-134.67951978325598,,134.67951978325598,,-36.132489787265044,
3,176.0,178.0,177.0,0,,,,,,,,,,,,,,
3,178.0,180.0,179.0,0,,,,,,,,,,,,,,
