volume,theta_bin_left_deg,theta_bin_right_deg,theta_bin_center_deg,counts,mean_theta_deg,std_theta_deg,mean_Eprime_keV,std_Eprime_keV,mean_Et_keV,std_Et_keV,min_Et_keV,max_Et_keV
4,0.0,2.0,1.0,0,,,,,,,,
4,2.0,4.0,3.0,2,3.7878240768455296,0.0,335.37738453826563,0.0,326.62261546173437,0.0,326.62261546173437,326.62261546173437
4,4.0,6.0,5.0,7,5.183717000827513,0.4978925564677726,553.5306796843137,101.4535112003452,108.4693203156863,101.45351120034523,3.487822572004802,219.65515971351732
4,6.0,8.0,7.0,12,7.071381382284657,0.6417411454245657,655.4940750705731,1.1540913806999669,6.505924929426887,1.1540913806999822,4.777672673836037,8.230558529615564
4,8.0,10.0,9.0,12,9.013026421355834,0.5682802906380334,591.8423705084592,139.5971519821275,70.15762949154079,139.59715198212754,8.60668094062828,369.0047208489039
4,10.0,12.0,11.0,14,11.027763327446191,0.5122679968698326,646.5066248595961,1.3894999981098317,15.493375140403884,1.389499998109848,13.370593235238402,17.383870954511963
4,12.0,14.0,13.0,25,12.793156601050102,0.5210884117599601,615.7577308321055,88.14620838310177,46.242269167894555,88.14620838310177,18.279934451436475,339.07461595886895
4,14.0,16.0,15.0,19,15.241205562419898,0.6456719660738097,596.4297520633022,139.48538607669076,65.57024793669784,139.4853860766908,24.551210063522376,638.7113904243945
4,16.0,18.0,17.0,14,16.922557209944102,0.5490083359071593,614.9004794157878,25.11870739701207,47.0995205842123,25.118707397012056,31.7989194199439,105.09558383442322
4,18.0,20.0,19.0,25,18.773841755305494,0.5774825752589947,612.574180128684,22.689327031580902,49.425819871316,22.68932703158089,39.7338393647002,124.40673550321355
4,20.0,22.0,21.0,15,21.465376526181796,0.5316709096283465,501.4802175638849,164.49550415090047,160.51978243611512,164.49550415090047,50.20234941095953,508.77565122924807
4,22.0,24.0,23.0,17,23.045435697690312,0.5970684836417766,585.1335125162071,34.32956232786253,76.86648748379285,34.329562327862526,57.638378127224314,186.02400669270372
4,24.0,26.0,25.0,21,24.914284881182706,0.5548034469046373,556.8858533762608,67.95858897272952,105.11414662373916,67.95858897272952,66.92707738367778,301.3745703140822
4,26.0,28.0,27.0,21,26.87115901272124,0.5440181962080536,572.9404374357028,17.38492840054109,89.05956256429715,17.38492840054104,77.16183666609868,135.75410395818813
4,28.0,30.0,29.0,22,28.86055700501323,0.6168565917225318,506.23358208743355,112.53647969917763,155.76641791256648,112.53647969917763,87.26892822528748,429.1938734089821
4,30.0,32.0,31.0,21,30.92021718215116,0.5958712595082112,511.91922353586864,93.52979743610953,150.08077646413136,93.52979743610953,98.23708223552421,396.68688987494204
4,32.0,34.0,33.0,21,33.02891003783397,0.6841771856888773,515.898587122901,83.32581143800677,146.10141287709908,83.32581143800678,71.3799602530521,329.77598820914375
4,34.0,36.0,35.0,19,35.02584366615882,0.61503176190945,471.9654401983371,146.3052613339335,190.03455980166288,146.30526133393346,120.4121766388173,564.6980495967782
4,36.0,38.0,37.0,32,36.94973042655544,0.5796251098585344,487.0399121018707,86.47809615216504,174.9600878981293,86.47809615216502,104.29144695197158,517.4675029342602
4,38.0,40.0,39.0,18,38.8777699669512,0.6680002172556683,494.3942307055143,77.69319910840966,167.60576929448564,77.69319910840969,142.77010694359092,478.36505349647535
4,40.0,42.0,41.0,23,40.89101492473178,0.5879617363512133,439.12317318368673,146.5754317799728,222.87682681631327,146.57543177997283,123.3543519791516,549.9635469261086
4,42.0,44.0,43.0,15,43.06044644513684,0.5536766624768467,489.33118558509136,38.655008481766075,172.66881441490867,38.65500848176607,103.38473989050021,247.74183189140155
4,44.0,46.0,45.0,18,45.13722306819301,0.652578328214947,485.41329735134553,35.24407502077964,176.58670264865444,35.24407502077963,121.65174524751046,261.17542706962354
4,46.0,48.0,47.0,14,47.024088213315686,0.6556437867852338,448.18136416069655,51.55201780829888,213.81863583930345,51.55201780829888,187.98650047203705,335.21866443917276
4,48.0,50.0,49.0,7,48.837126459794376,0.8374477587249638,442.33956682042026,46.552427432507926,219.6604331795797,46.55242743250792,198.68660492693118,324.9163120725532
4,50.0,52.0,51.0,11,50.92879328239059,0.44502645526458595,467.8865476549429,31.076842114604347,194.11345234505708,31.076842114604347,135.9585826369373,216.13610563870077
4,52.0,54.0,53.0,6,53.14254661495607,0.7221521305816578,435.9899228572688,3.7556180106923955,226.01007714273115,3.755618010692394,220.14474476429035,230.248372018169
4,54.0,56.0,55.0,6,55.024676699218425,0.7422862349243506,426.3156314860637,3.776257043999158,235.68436851393633,3.7762570439991627,230.73715456624603,240.0679642363437
4,56.0,58.0,57.0,6,56.996076103043265,0.4599985869238591,376.30521602190584,99.5421333666776,285.69478397809416,99.54213336667756,242.96202197578708,488.8485957980696
4,58.0,60.0,59.0,2,59.480606386498266,0.6391706696541817,353.6636436844002,68.47368989498662,308.3363563155998,68.47368989498662,259.91814585799,356.75456677320966
4,60.0,62.0,61.0,5,61.24464638411117,0.5625535482237015,344.57353867659936,78.64320135062019,317.42646132340064,78.64320135062019,249.49021575950002,403.27201998591386
4,62.0,64.0,63.0,2,62.73705890311035,0.8320588670888984,388.95089775863505,3.821483676944179,273.04910224136495,3.821483676944179,270.346905219204,275.7512992635259
4,64.0,66.0,65.0,8,65.16877738935841,0.6852600030824869,302.5804564925357,101.55029491022138,359.4195435074643,101.55029491022135,203.9496924616243,485.8920276490477
4,66.0,68.0,67.0,7,66.97276308497834,0.741540814427704,326.6544371283159,113.10149812705046,335.3455628716841,113.10149812705046,216.54049910481552,525.3043016542134
4,68.0,70.0,69.0,10,69.23866023156495,0.5504586443314833,367.26737534202323,55.61823503772549,294.73262465797677,55.61823503772549,206.37645291789045,370.6924857459283
4,70.0,72.0,71.0,5,71.24173441301596,0.5178324629944855,316.9678749602016,26.372089788372254,345.0321250397984,26.372089788372254,306.469474095721,369.8640757349609
4,72.0,74.0,73.0,7,73.23015897409671,0.39505146389071494,333.53609135939206,91.69589416336775,328.46390864060794,91.69589416336775,252.38873875250948,485.8920276490477
4,74.0,76.0,75.0,6,75.22771005292962,0.34484389744321053,209.19351340541922,116.66885040750006,452.80648659458075,116.66885040750005,245.5885663260118,604.0594158077915
4,76.0,78.0,77.0,4,77.38409240338832,0.4221224103987642,254.39638974726589,148.56828404629633,407.60361025273414,148.56828404629633,317.1791810960391,629.7789410997179
4,78.0,80.0,79.0,9,78.84057007726291,0.342637356913092,349.6106323154784,75.51423057809664,312.3893676845216,75.51423057809666,262.3709308610625,497.7497060632156
4,80.0,82.0,81.0,0,,,,,,,,
4,82.0,84.0,83.0,1,83.20103354341897,,309.0378486474154,,352.9621513525846,,352.9621513525846,352.9621513525846
4,84.0,86.0,85.0,8,84.64939234452115,0.7525411593160727,297.07157750375274,60.225237600773504,364.92842249624726,60.225237600773504,277.5254692585571,427.27113512373313
4,86.0,88.0,87.0,1,86.21874342005654,,168.57200466551035,,493.42799533448965,,493.42799533448965,493.42799533448965
4,88.0,90.0,89.0,3,88.57259256543954,0.829248337712052,282.3365243211482,44.224489624312135,379.66347567885185,44.224489624312135,328.59743370011097,405.1964966682222
4,90.0,92.0,91.0,2,91.09999079128161,0.0,359.5700208962118,0.0,302.4299791037882,0.0,302.4299791037882,302.4299791037882
4,92.0,94.0,93.0,4,93.29852062523884,0.48464475566517756,152.2406111733188,61.801194043882184,509.7593888266812,61.80119404388217,459.66837910130164,586.5124102401953
4,94.0,96.0,95.0,6,95.87458141526305,0.09468866361043438,184.5076332233253,78.15631762999587,477.4923667766747,78.1563176299959,401.6234535615085,605.3071725941171
4,96.0,98.0,97.0,8,96.67114074988488,0.6673258728654686,280.89049604543595,54.99743152423308,381.10950395456405,54.99743152423307,321.8528609538138,463.5946614988735
4,98.0,100.0,99.0,7,99.06494584621859,0.37843479318432405,274.4269106418468,46.64965234986355,387.5730893581532,46.64965234986355,317.3001554242574,430.5838195977195
4,100.0,102.0,101.0,4,100.60513015444556,0.47198622019826897,258.8770309880234,83.87140637535386,403.1229690119766,83.87140637535386,330.488200439792,475.75773758416113
4,102.0,104.0,103.0,10,102.82720462592044,0.5059391007463563,233.37563906013233,37.149856079206046,428.62436093986764,37.149856079206025,385.77853956692854,501.7424938764264
4,104.0,106.0,105.0,4,105.58803442474792,0.6447892883408664,230.55995106252067,21.695892446769168,431.44004893747933,21.695892446769165,414.3655919910018,463.25201365919406
4,106.0,108.0,107.0,0,,,,,,,,
4,108.0,110.0,109.0,3,109.03314249324468,0.4886630303127272,206.21648336338671,71.17389364156995,455.7835166366133,71.17389364156993,373.5989833301449,496.8757832898475
4,110.0,112.0,111.0,4,110.92157381545464,0.319302996130766,208.29094674852868,16.958269663078113,453.70905325147135,16.958269663078102,428.37881384254683,463.25201365919406
4,112.0,114.0,113.0,5,113.03701190317543,0.5053398789513448,224.59357139667844,35.955585367511304,437.40642860332156,35.955585367511304,376.0921454903193,471.54423748221086
4,114.0,116.0,115.0,0,,,,,,,,
4,116.0,118.0,117.0,6,117.25071688719083,0.4954691477485348,234.7510612828287,65.29238448066222,427.2489387171713,65.29238448066222,382.3216093578384,511.47845679854987
4,118.0,120.0,119.0,3,119.14469797388723,0.07968535723624377,236.8529748438779,5.101332912026473,425.1470251561221,5.101332912026461,419.25651329615334,428.0922810861065
4,120.0,122.0,121.0,1,120.63099556035263,,238.9319245669262,,423.0680754330738,,423.0680754330738,423.0680754330738
4,122.0,124.0,123.0,4,123.12371555932633,0.6879116636869868,208.72769110482804,11.451497350658157,453.27230889517193,11.451497350658164,443.3550212781318,463.1895965122121
4,124.0,126.0,125.0,4,124.3208019520495,0.5578398903831512,196.30982814316292,21.539422944306363,465.6901718568371,21.539422944306377,444.49491485635383,495.74590774740807
4,126.0,128.0,127.0,2,127.71453807631123,0.0,224.02077028628315,0.0,437.97922971371685,0.0,437.97922971371685,437.97922971371685
4,128.0,130.0,129.0,2,128.15628496902534,0.0,216.3038615655159,0.0,445.6961384344841,0.0,445.6961384344841,445.6961384344841
4,130.0,132.0,131.0,2,130.30860077206245,0.11056244365604659,175.80297417550338,109.68289753532994,486.1970258244966,109.68289753532996,408.63950519707555,563.7545464519177
4,132.0,134.0,133.0,1,132.8335976410437,,184.8393803130905,,477.1606196869095,,477.1606196869095,477.1606196869095
4,134.0,136.0,135.0,2,135.7077964094436,0.0,232.4048706042502,0.0,429.59512939574984,0.0,429.59512939574984,429.59512939574984
4,136.0,138.0,137.0,4,137.39311347322996,0.5925712591188665,180.35896857009175,4.027906430120245,481.64103142990825,4.027906430120273,478.1527621373574,485.1293007224591
4,138.0,140.0,139.0,0,,,,,,,,
4,140.0,142.0,141.0,0,,,,,,,,
4,142.0,144.0,143.0,3,143.38546850810943,0.19035100523229886,209.13647974063076,8.568712142613782,452.8635202593693,8.568712142613762,442.9692237350763,457.8106685215157
4,144.0,146.0,145.0,3,145.0721671337541,0.7103995623803402,201.77740043050096,14.94186177365065,460.2225995694991,14.941861773650631,442.9692237350763,468.8492874867104
4,146.0,148.0,147.0,2,146.76583030559837,0.0,207.72705874964686,0.0,454.27294125035314,0.0,454.27294125035314,454.27294125035314
4,148.0,150.0,149.0,2,149.6615140119466,0.0,185.1500327928918,0.0,476.8499672071082,0.0,476.8499672071082,476.8499672071082
4,150.0,152.0,151.0,3,150.70988024734032,0.4458970163413301,185.89577862589098,11.246453606662087,476.10422137410904,11.246453606662092,463.1179353396391,482.59736439134406
4,152.0,154.0,153.0,3,152.64250472445602,0.041240645818117545,139.73482926939712,103.81129978733712,522.2651707306028,103.8112997873371,462.32968885345883,642.1361344848909
4,154.0,156.0,155.0,0,,,,,,,,
4,156.0,158.0,157.0,1,156.3311154328756,,194.5192351975288,,467.4807648024712,,467.4807648024712,467.4807648024712
4,158.0,160.0,159.0,0,,,,,,,,
4,160.0,162.0,161.0,0,,,,,,,,
4,162.0,164.0,163.0,1,163.74300879627964,,184.61180167901506,,477.38819832098494,,477.38819832098494,477.38819832098494
4,164.0,166.0,165.0,4,165.2180548699448,0.46923678125891605,183.236803558519,0.13843409815665023,478.763196441481,0.13843409815665023,478.64330899572735,478.88308388723465
4,166.0,168.0,167.0,1,167.133830789129,,183.67895740473526,,478.32104259526477,,478.32104259526477,478.32104259526477
4,168.0,170.0,169.0,0,,,,,,,,
4,170.0,172.0,171.0,2,170.37023555907376,0.0,178.68973269225697,0.0,483.31026730774306,0.0,483.31026730774306,483.31026730774306
4,172.0,174.0,173.0,0,,,,,,,,
4,174.0,176.0,175.0,0,,,,,,,,
4,176.0,178.0,177.0,0,,,,,,,,
4,178.0,180.0,179.0,0,,,,,,,,
