event_number,et_index,stored_et_keV,number_of_vlm4_gamma_records
82,0,661.9999999999999,1
82,1,0.0,1
82,2,0.0,1
82,3,101.00367571840086,1
82,4,560.9963242815991,1
90,0,287.5709545091885,2
90,1,0.0,2
90,2,0.0,2
90,3,101.26909186597388,2
90,4,186.30186264321458,2
95,0,662.0,2
95,1,0.0,2
95,2,0.0,2
95,3,40.45880184733919,2
95,4,621.5411981526609,2
251,0,125.25636420105002,1
251,1,0.0,1
251,2,0.0,1
251,3,125.25636420105002,1
257,0,173.14180189945765,1
257,1,0.0,1
257,2,0.0,1
257,3,173.14180189945765,1
338,0,223.15149854075185,1
338,1,0.0,1
338,2,0.0,1
338,3,223.15149854075185,1
346,0,106.15106724426883,2
346,1,0.0,2
346,2,0.0,2
346,3,73.15715257912747,2
346,4,32.99391466514135,2
545,0,67.65095762001572,1
545,1,0.0,1
545,2,0.0,1
545,3,67.65095762001572,1
568,0,133.76167780668501,1
568,1,0.0,1
568,2,0.0,1
568,3,133.76167780668501,1
728,0,434.8058662305676,1
728,1,0.0,1
728,2,0.0,1
728,3,14.610637663110992,1
728,4,0.0,1
728,5,420.1952285674566,1
739,0,67.98119070547348,1
739,1,0.0,1
739,2,0.0,1
739,3,67.98119070547348,1
894,0,194.11155169702022,1
894,1,0.0,1
894,2,0.0,1
894,3,194.11155169702022,1
1127,0,59.1343325495618,1
1127,1,0.0,1
1127,2,0.0,1
1127,3,59.1343325495618,1
1243,0,156.2177282698247,1
1243,1,0.0,1
1243,2,0.0,1
1243,3,156.2177282698247,1
1302,0,111.98467381390753,1
1302,1,0.0,1
1302,2,0.0,1
1302,3,111.98467381390753,1
1357,0,158.24001589712344,1
1357,1,0.0,1
1357,2,0.0,1
1357,3,158.24001589712344,1
1379,0,96.1497853631441,1
1379,1,0.0,1
1379,2,0.0,1
1379,3,96.1497853631441,1
1520,0,89.65154474646053,1
1520,1,0.0,1
1520,2,0.0,1
1520,3,89.65154474646053,1
1569,0,218.67994093193977,2
1569,1,0.0,2
1569,2,0.0,2
1569,3,161.31323721023193,2
1569,4,57.36670372170782,2
1653,0,107.41667591683179,1
1653,1,0.0,1
1653,2,0.0,1
1653,3,107.41667591683179,1
1748,0,114.348705268008,1
1748,1,0.0,1
1748,2,0.0,1
1748,3,114.348705268008,1
1825,0,180.70479359314962,1
1825,1,0.0,1
1825,2,0.0,1
1825,3,180.70479359314962,1
1852,0,127.18214099590375,1
1852,1,0.0,1
1852,2,0.0,1
1852,3,127.18214099590375,1
1959,0,74.90418772651519,1
1959,1,0.0,1
1959,2,0.0,1
1959,3,74.90418772651519,1
2051,0,258.4409869931678,2
2051,1,0.0,2
2051,2,0.0,2
2051,3,62.61792713762993,2
2051,4,195.82305985553788,2
2086,0,272.11412275464266,1
2086,1,0.0,1
2086,2,0.0,1
2086,3,154.51713508198503,1
2086,4,116.58497980439019,1
2086,5,0.0,1
2086,6,1.012007868267488,1
2262,0,662.0,3
2262,1,0.0,3
2262,2,0.0,3
2262,3,127.26132747267604,3
2262,4,534.738672527324,3
2312,0,78.89493555697202,1
2312,1,0.0,1
2312,2,0.0,1
2312,3,78.89493555697202,1
2511,0,51.063826004697944,1
2511,1,0.0,1
2511,2,0.0,1
2511,3,51.063826004697944,1
2853,0,103.79833462912502,1
2853,1,0.0,1
2853,2,0.0,1
2853,3,103.79833462912502,1
2970,0,261.04317619308637,1
2970,1,0.0,1
2970,2,0.0,1
2970,3,261.04317619308637,1
3011,0,72.04300139952191,1
3011,1,0.0,1
3011,2,0.0,1
3011,3,72.04300139952191,1
3048,0,78.33468591646142,1
3048,1,0.0,1
3048,2,0.0,1
3048,3,78.33468591646142,1
3096,0,62.26332085607555,1
3096,1,0.0,1
3096,2,0.0,1
3096,3,62.26332085607555,1
3106,0,253.5309109922682,2
3106,1,0.0,2
3106,2,0.0,2
3106,3,142.298773445093,2
3106,4,111.2321375471752,2
3130,0,40.48306696375592,1
3130,1,0.0,1
3130,2,0.0,1
3130,3,40.48306696375592,1
3189,0,218.70351560221135,1
3189,1,0.0,1
3189,2,0.0,1
3189,3,218.70351560221135,1
3321,0,38.18559657360188,1
3321,1,0.0,1
3321,2,0.0,1
3321,3,38.18559657360188,1
3447,0,90.4734004681973,1
3447,1,0.0,1
3447,2,0.0,1
3447,3,90.4734004681973,1
3498,0,50.66090084472774,1
3498,1,0.0,1
3498,2,0.0,1
3498,3,50.66090084472774,1
3610,0,288.4251905684983,2
3610,1,0.0,2
3610,2,0.0,2
3610,3,62.32677944264297,2
3610,4,226.0984111258553,2
3783,0,340.92668360229936,3
3783,1,0.0,3
3783,2,0.0,3
3783,3,109.91350767551012,3
3783,4,231.01317592678922,3
3846,0,47.78241379458981,1
3846,1,0.0,1
3846,2,0.0,1
3846,3,47.78241379458981,1
3924,0,186.57734864974628,1
3924,1,0.0,1
3924,2,0.0,1
3924,3,186.57734864974628,1
4205,0,57.571020763787395,1
4205,1,0.0,1
4205,2,0.0,1
4205,3,57.571020763787395,1
4236,0,80.41498724859397,1
4236,1,0.0,1
4236,2,0.0,1
4236,3,80.41498724859397,1
4260,0,135.37502470153362,1
4260,1,0.0,1
4260,2,0.0,1
4260,3,135.37502470153362,1
4358,0,347.95034771200955,2
4358,1,0.0,2
4358,2,0.0,2
4358,3,102.24805930951175,2
4358,4,245.7022884024978,2
4574,0,74.06965625890317,1
4574,1,0.0,1
4574,2,0.0,1
4574,3,74.06965625890317,1
4764,0,105.63692499851973,1
4764,1,0.0,1
4764,2,0.0,1
4764,3,105.63692499851973,1
4775,0,34.6714434995754,1
4775,1,0.0,1
4775,2,0.0,1
4775,3,34.6714434995754,1
4849,0,7.164383852405874,1
4849,1,0.0,1
4849,2,0.0,1
4849,3,6.131622293979666,1
4849,4,0.0,1
4849,5,0.0,1
4849,6,1.0327615584262084,1
4888,0,91.66189432897065,1
4888,1,0.0,1
4888,2,0.0,1
4888,3,91.66189432897065,1
4942,0,221.7993937118046,1
4942,1,0.0,1
4942,2,0.0,1
4942,3,221.7993937118046,1
5028,0,45.34302788914335,1
5028,1,0.0,1
5028,2,0.0,1
5028,3,45.34302788914335,1
5068,0,129.69428469853716,1
5068,1,0.0,1
5068,2,0.0,1
5068,3,129.69428469853716,1
5199,0,234.4113598819847,2
5199,1,0.0,2
5199,2,0.0,2
5199,3,144.5211261026943,2
5199,4,89.8902337792904,2
5248,0,79.15718243553304,1
5248,1,0.0,1
5248,2,0.0,1
5248,3,79.15718243553304,1
5381,0,74.450364193272,1
5381,1,0.0,1
5381,2,0.0,1
5381,3,74.450364193272,1
5388,0,91.694401019911,1
5388,1,0.0,1
5388,2,0.0,1
5388,3,91.694401019911,1
5631,0,205.00360775886006,1
5631,1,0.0,1
5631,2,0.0,1
5631,3,205.00360775886006,1
5643,0,211.720715527044,1
5643,1,0.0,1
5643,2,0.0,1
5643,3,211.720715527044,1
5665,0,144.59491960473935,1
5665,1,0.0,1
5665,2,0.0,1
5665,3,144.59491960473935,1
5865,0,209.59886749464516,1
5865,1,0.0,1
5865,2,0.0,1
5865,3,209.59886749464516,1
6106,0,162.9777900452886,2
6106,1,0.0,2
6106,2,0.0,2
6106,3,34.36060162452781,2
6106,4,128.61718842076078,2
6131,0,163.34687240782551,1
6131,1,0.0,1
6131,2,0.0,1
6131,3,163.34687240782551,1
6317,0,115.43608460631516,1
6317,1,0.0,1
6317,2,0.0,1
6317,3,115.43608460631516,1
6559,0,194.23888751240492,1
6559,1,0.0,1
6559,2,0.0,1
6559,3,194.23888751240492,1
6687,0,316.93879041873413,2
6687,1,0.0,2
6687,2,0.0,2
6687,3,154.0925948131142,2
6687,4,162.84619560561995,2
6837,0,119.04782803633273,1
6837,1,0.0,1
6837,2,0.0,1
6837,3,119.04782803633273,1
7038,0,196.22651898895327,1
7038,1,0.0,1
7038,2,0.0,1
7038,3,196.22651898895327,1
7225,0,150.16451799167996,1
7225,1,0.0,1
7225,2,0.0,1
7225,3,150.16451799167996,1
7481,0,171.24665514952994,2
7481,1,0.0,2
7481,2,0.0,2
7481,3,93.81366200291107,2
7481,4,77.43299314661888,2
7651,0,477.10050817032413,2
7651,1,0.0,2
7651,2,0.0,2
7651,3,49.26165532537385,2
7651,4,427.8388528449503,2
7662,0,336.1374628751655,2
7662,1,0.0,2
7662,2,0.0,2
7662,3,107.03909586660076,2
7662,4,229.09836700856474,2
7764,0,145.93164480575058,2
7764,1,0.0,2
7764,2,0.0,2
7764,3,111.0440774063166,2
7764,4,34.88756739943399,2
7827,0,202.8462653130946,2
7827,1,0.0,2
7827,2,0.0,2
7827,3,118.7220171806932,2
7827,4,84.12424813240138,2
7958,0,44.48662713490236,1
7958,1,0.0,1
7958,2,0.0,1
7958,3,44.48662713490236,1
8164,0,115.27394605113817,1
8164,1,0.0,1
8164,2,0.0,1
8164,3,115.27394605113817,1
8189,0,42.51587676930313,1
8189,1,0.0,1
8189,2,0.0,1
8189,3,42.51587676930313,1
8192,0,122.24586090029776,1
8192,1,0.0,1
8192,2,0.0,1
8192,3,122.24586090029776,1
8256,0,55.10278580501626,1
8256,1,0.0,1
8256,2,0.0,1
8256,3,55.10278580501626,1
8866,0,127.28780219501701,1
8866,1,0.0,1
8866,2,0.0,1
8866,3,127.28780219501701,1
9241,0,51.60421649456715,1
9241,1,0.0,1
9241,2,0.0,1
9241,3,51.60421649456715,1
9293,0,136.88460251378186,1
9293,1,0.0,1
9293,2,0.0,1
9293,3,136.88460251378186,1
9325,0,344.9290678003558,2
9325,1,0.0,2
9325,2,0.0,2
9325,3,137.39550799657073,2
9325,4,207.53355980378512,2
9346,0,77.85894183247255,1
9346,1,0.0,1
9346,2,0.0,1
9346,3,77.85894183247255,1
9388,0,144.3056290058383,1
9388,1,0.0,1
9388,2,0.0,1
9388,3,144.3056290058383,1
9814,0,37.692776710234746,1
9814,1,0.0,1
9814,2,0.0,1
9814,3,37.692776710234746,1
9863,0,134.40957618652737,1
9863,1,0.0,1
9863,2,0.0,1
9863,3,134.40957618652737,1
9922,0,463.6078572360757,4
9922,1,0.0,4
9922,2,0.0,4
9922,3,212.35183577116584,4
9922,4,251.25602146490982,4
10103,0,87.37624674550615,1
10103,1,0.0,1
10103,2,0.0,1
10103,3,87.37624674550615,1
10146,0,149.91648693437585,1
10146,1,0.0,1
10146,2,0.0,1
10146,3,149.91648693437585,1
10277,0,33.37814361201197,1
10277,1,0.0,1
10277,2,0.0,1
10277,3,33.37814361201197,1
10433,0,152.31459605397023,1
10433,1,0.0,1
10433,2,0.0,1
10433,3,152.31459605397023,1
10464,0,87.91301256907047,1
10464,1,0.0,1
10464,2,0.0,1
10464,3,87.91301256907047,1
10622,0,152.8713607965204,1
10622,1,0.0,1
10622,2,0.0,1
10622,3,152.8713607965204,1
10896,0,136.16952920257808,1
10896,1,0.0,1
10896,2,0.0,1
10896,3,136.16952920257808,1
10911,0,165.9674954404542,2
10911,1,0.0,2
10911,2,0.0,2
10911,3,128.4054845625976,2
10911,4,37.5620108778566,2
11032,0,150.72216826162042,1
11032,1,0.0,1
11032,2,0.0,1
11032,3,150.72216826162042,1
11161,0,83.33943180098102,1
11161,1,0.0,1
11161,2,0.0,1
11161,3,83.33943180098102,1
11221,0,360.0472814194536,2
11221,1,0.0,2
11221,2,0.0,2
11221,3,50.0338904784966,2
11221,4,310.013390940957,2
11390,0,84.78833743925318,1
11390,1,0.0,1
11390,2,0.0,1
11390,3,84.78833743925318,1
11414,0,159.51784268470658,2
11414,1,0.0,2
11414,2,0.0,2
11414,3,108.08017756096221,2
11414,4,51.43766512374437,2
11775,0,662.0,1
11775,1,0.0,1
11775,2,0.0,1
11775,3,176.1415819115684,1
11775,4,485.85841808843156,1
11818,0,84.55270465609644,1
11818,1,0.0,1
11818,2,0.0,1
11818,3,84.55270465609644,1
12077,0,71.10623894729962,2
12077,1,0.0,2
12077,2,0.0,2
12077,3,71.10623894729962,2
12253,0,32.074000306174796,1
12253,1,0.0,1
12253,2,0.0,1
12253,3,32.074000306174796,1
12285,0,137.67912904149125,2
12285,1,0.0,2
12285,2,0.0,2
12285,3,74.53393786127826,2
12285,4,63.145191180213,2
12295,0,486.359980058415,2
12295,1,0.0,2
12295,2,0.0,2
12295,3,341.89241733971096,2
12295,4,144.467562718704,2
12463,0,150.3412169702033,1
12463,1,0.0,1
12463,2,0.0,1
12463,3,150.3412169702033,1
12472,0,115.7120578710783,1
12472,1,0.0,1
12472,2,0.0,1
12472,3,115.7120578710783,1
12827,0,67.31608388247511,1
12827,1,0.0,1
12827,2,0.0,1
12827,3,67.31608388247511,1
12849,0,119.79407030232458,1
12849,1,0.0,1
12849,2,0.0,1
12849,3,119.79407030232458,1
12922,0,159.33019928626746,2
12922,1,0.0,2
12922,2,0.0,2
12922,3,127.46903600810377,2
12922,4,31.861163278163684,2
13194,0,331.648494766063,2
13194,1,0.0,2
13194,2,0.0,2
13194,3,161.94435830229946,2
13194,4,169.70413646376352,2
13516,0,449.403808969565,1
13516,1,0.0,1
13516,2,0.0,1
13516,3,22.292922500311896,1
13516,4,0.0,1
13516,5,427.1108864692531,1
13973,0,105.22856008417935,1
13973,1,0.0,1
13973,2,0.0,1
13973,3,105.22856008417935,1
13986,0,151.15131890520206,2
13986,1,0.0,2
13986,2,0.0,2
13986,3,35.26794043010051,2
13986,4,115.88337847510155,2
14004,0,183.34979848120125,2
14004,1,0.0,2
14004,2,0.0,2
14004,3,182.42065501930392,2
14004,4,0.9291434618973193,2
14046,0,506.9899800863103,4
14046,1,0.0,4
14046,2,0.0,4
14046,3,130.7274755371094,4
14046,4,376.2625045492009,4
14079,0,53.10503677624234,1
14079,1,0.0,1
14079,2,0.0,1
14079,3,53.10503677624234,1
14086,0,462.50032072158547,2
14086,1,0.0,2
14086,2,0.0,2
14086,3,123.54099995316226,2
14086,4,338.9593207684232,2
14111,0,128.49855008956635,1
14111,1,0.0,1
14111,2,0.0,1
14111,3,128.49855008956635,1
14320,0,51.96687794520582,1
14320,1,0.0,1
14320,2,0.0,1
14320,3,51.96687794520582,1
14459,0,128.86998137043827,1
14459,1,0.0,1
14459,2,0.0,1
14459,3,128.86998137043827,1
14501,0,143.99151009192911,1
14501,1,0.0,1
14501,2,0.0,1
14501,3,143.99151009192911,1
14552,0,190.82249098219273,1
14552,1,0.0,1
14552,2,0.0,1
14552,3,190.82249098219273,1
14669,0,341.1002614750207,2
14669,1,0.0,2
14669,2,0.0,2
14669,3,149.61462673604697,2
14669,4,191.48563473897377,2
14685,0,33.69537088805308,1
14685,1,0.0,1
14685,2,0.0,1
14685,3,33.69537088805308,1
14731,0,68.49238949660197,1
14731,1,0.0,1
14731,2,0.0,1
14731,3,68.49238949660197,1
14832,0,571.5566636007214,2
14832,1,0.0,2
14832,2,0.0,2
14832,3,539.1122197059432,2
14832,4,32.44444389477828,2
14905,0,146.49271289512666,1
14905,1,0.0,1
14905,2,0.0,1
14905,3,146.49271289512666,1
15090,0,216.9300377072841,2
15090,1,0.0,2
15090,2,0.0,2
15090,3,200.1404797587999,2
15090,4,16.78955794848419,2
15431,0,240.7188640084058,2
15431,1,0.0,2
15431,2,0.0,2
15431,3,128.09093762729472,2
15431,4,112.62792638111108,2
15477,0,377.3279059401348,1
15477,1,0.0,1
15477,2,0.0,1
15477,3,377.3279059401348,1
15486,0,66.93588835463481,1
15486,1,0.0,1
15486,2,0.0,1
15486,3,66.93588835463481,1
15512,0,79.87806720904233,1
15512,1,0.0,1
15512,2,0.0,1
15512,3,79.87806720904233,1
15556,0,662.0,3
15556,1,0.0,3
15556,2,0.0,3
15556,3,85.65838877825927,3
15556,4,576.3416112217408,3
15790,0,412.29251346303204,2
15790,1,0.0,2
15790,2,0.0,2
15790,3,97.03734183565571,2
15790,4,315.25517162737634,2
15997,0,149.6056036774468,1
15997,1,0.0,1
15997,2,0.0,1
15997,3,149.6056036774468,1
16063,0,392.76559034010364,3
16063,1,0.0,3
16063,2,0.0,3
16063,3,141.32602964203323,3
16063,4,251.4395606980704,3
16065,0,109.31235132691874,1
16065,1,0.0,1
16065,2,0.0,1
16065,3,109.31235132691874,1
16105,0,157.4819425841545,1
16105,1,0.0,1
16105,2,0.0,1
16105,3,157.4819425841545,1
16177,0,38.21178897028965,1
16177,1,0.0,1
16177,2,0.0,1
16177,3,38.21178897028965,1
16373,0,70.00330389914544,1
16373,1,0.0,1
16373,2,0.0,1
16373,3,70.00330389914544,1
16546,0,226.33659847927183,1
16546,1,0.0,1
16546,2,0.0,1
16546,3,226.33659847927183,1
16552,0,166.26815404906148,1
16552,1,0.0,1
16552,2,0.0,1
16552,3,166.26815404906148,1
16768,0,30.82380762229453,1
16768,1,0.0,1
16768,2,0.0,1
16768,3,30.82380762229453,1
16849,0,356.06602969042706,2
16849,1,0.0,2
16849,2,0.0,2
16849,3,101.13809551311847,2
16849,4,254.92793417730857,2
16875,0,86.39713907896108,1
16875,1,0.0,1
16875,2,0.0,1
16875,3,86.39713907896108,1
16998,0,51.66851822183516,1
16998,1,0.0,1
16998,2,0.0,1
16998,3,51.66851822183516,1
17041,0,94.21147106702254,1
17041,1,0.0,1
17041,2,0.0,1
17041,3,94.21147106702254,1
17121,0,464.0697402760331,2
17121,1,0.0,2
17121,2,0.0,2
17121,3,58.23847336504395,2
17121,4,405.83126691098914,2
17185,0,52.778401110964545,1
17185,1,0.0,1
17185,2,0.0,1
17185,3,52.778401110964545,1
17208,0,82.08310585536071,1
17208,1,0.0,1
17208,2,0.0,1
17208,3,82.08310585536071,1
17221,0,71.71778921392647,1
17221,1,0.0,1
17221,2,0.0,1
17221,3,71.71778921392647,1
17405,0,101.16652444683027,1
17405,1,0.0,1
17405,2,0.0,1
17405,3,101.16652444683027,1
17424,0,124.80769687409409,1
17424,1,0.0,1
17424,2,0.0,1
17424,3,124.80769687409409,1
17464,0,121.05111897554488,1
17464,1,0.0,1
17464,2,0.0,1
17464,3,121.05111897554488,1
17492,0,70.59290765389281,1
17492,1,0.0,1
17492,2,0.0,1
17492,3,70.59290765389281,1
17571,0,114.01978579252958,1
17571,1,0.0,1
17571,2,0.0,1
17571,3,114.01978579252958,1
17646,0,662.0,2
17646,1,0.0,2
17646,2,0.0,2
17646,3,147.63175472725132,2
17646,4,514.3682452727487,2
17667,0,89.51312861778393,1
17667,1,0.0,1
17667,2,0.0,1
17667,3,89.51312861778393,1
17686,0,41.471418441259125,1
17686,1,0.0,1
17686,2,0.0,1
17686,3,41.471418441259125,1
18038,0,57.82834381295054,1
18038,1,0.0,1
18038,2,0.0,1
18038,3,57.82834381295054,1
18085,0,185.7191116194783,1
18085,1,0.0,1
18085,2,0.0,1
18085,3,185.7191116194783,1
18254,0,170.3521397961477,1
18254,1,0.0,1
18254,2,0.0,1
18254,3,170.3521397961477,1
18260,0,63.59098206377222,1
18260,1,0.0,1
18260,2,0.0,1
18260,3,63.59098206377222,1
18332,0,477.0051780164752,2
18332,1,0.0,2
18332,2,0.0,2
18332,3,435.61869818081675,2
18332,4,41.38647983565846,2
18359,0,158.30833569789527,2
18359,1,0.0,2
18359,2,0.0,2
18359,3,96.30130052075359,2
18359,4,62.007035177141674,2
18366,0,125.23950401799931,1
18366,1,0.0,1
18366,2,0.0,1
18366,3,125.23950401799931,1
18521,0,139.63122652578542,1
18521,1,0.0,1
18521,2,0.0,1
18521,3,139.63122652578542,1
18640,0,32.70490307860763,1
18640,1,0.0,1
18640,2,0.0,1
18640,3,32.70490307860763,1
18700,0,216.17570596571034,2
18700,1,0.0,2
18700,2,0.0,2
18700,3,114.16794663901364,2
18700,4,102.0077593266967,2
18878,0,100.40785070470004,1
18878,1,0.0,1
18878,2,0.0,1
18878,3,100.40785070470004,1
18883,0,203.78595892615576,1
18883,1,0.0,1
18883,2,0.0,1
18883,3,203.78595892615576,1
18884,0,216.51724588168707,1
18884,1,0.0,1
18884,2,0.0,1
18884,3,216.51724588168707,1
19286,0,68.08142352888935,1
19286,1,0.0,1
19286,2,0.0,1
19286,3,68.08142352888935,1
19305,0,176.76350374270905,1
19305,1,0.0,1
19305,2,0.0,1
19305,3,176.76350374270905,1
19431,0,150.59893577520165,1
19431,1,0.0,1
19431,2,0.0,1
19431,3,150.59893577520165,1
19660,0,47.30529565352959,1
19660,1,0.0,1
19660,2,0.0,1
19660,3,47.30529565352959,1
19700,0,90.10887892275842,1
19700,1,0.0,1
19700,2,0.0,1
19700,3,90.10887892275842,1
19762,0,61.767046482454454,1
19762,1,0.0,1
19762,2,0.0,1
19762,3,61.767046482454454,1
19862,0,99.55456625278313,1
19862,1,0.0,1
19862,2,0.0,1
19862,3,99.55456625278313,1
19911,0,166.7581198160213,1
19911,1,0.0,1
19911,2,0.0,1
19911,3,166.7581198160213,1
19928,0,100.6458393803924,1
19928,1,0.0,1
19928,2,0.0,1
19928,3,100.6458393803924,1
20713,0,181.72015202378338,1
20713,1,0.0,1
20713,2,0.0,1
20713,3,181.72015202378338,1
20798,0,143.05720027549586,3
20798,1,0.0,3
20798,2,0.0,3
20798,3,34.56390052580127,3
20798,4,108.49329974969457,3
20883,0,74.93507943684673,1
20883,1,0.0,1
20883,2,0.0,1
20883,3,74.93507943684673,1
21496,0,180.54987563039586,1
21496,1,0.0,1
21496,2,0.0,1
21496,3,180.54987563039586,1
21570,0,159.76427798401016,1
21570,1,0.0,1
21570,2,0.0,1
21570,3,159.76427798401016,1
21711,0,55.59387689321205,1
21711,1,0.0,1
21711,2,0.0,1
21711,3,55.59387689321205,1
21743,0,73.42690615068403,1
21743,1,0.0,1
21743,2,0.0,1
21743,3,73.42690615068403,1
21861,0,157.866591142634,1
21861,1,0.0,1
21861,2,0.0,1
21861,3,157.866591142634,1
22108,0,291.97477582258193,2
22108,1,0.0,2
22108,2,0.0,2
22108,3,106.22457766374305,2
22108,4,185.75019815883886,2
22365,0,128.18076073019768,1
22365,1,0.0,1
22365,2,0.0,1
22365,3,128.18076073019768,1
22413,0,146.81790349812184,1
22413,1,0.0,1
22413,2,0.0,1
22413,3,146.81790349812184,1
22578,0,155.9789083837827,1
22578,1,0.0,1
22578,2,0.0,1
22578,3,155.9789083837827,1
22616,0,495.758342300819,4
22616,1,0.0,4
22616,2,0.0,4
22616,3,80.61575552601607,4
22616,4,415.1425867748029,4
22873,0,78.45674264360235,1
22873,1,0.0,1
22873,2,0.0,1
22873,3,78.45674264360235,1
23228,0,116.57732511391083,1
23228,1,0.0,1
23228,2,0.0,1
23228,3,116.57732511391083,1
23381,0,50.787228647957704,1
23381,1,0.0,1
23381,2,0.0,1
23381,3,50.787228647957704,1
23636,0,29.17638167143677,1
23636,1,0.0,1
23636,2,0.0,1
23636,3,29.17638167143677,1
23681,0,80.55337682246643,1
23681,1,0.0,1
23681,2,0.0,1
23681,3,80.55337682246643,1
23699,0,41.34448923486478,1
23699,1,0.0,1
23699,2,0.0,1
23699,3,41.34448923486478,1
23732,0,296.2110210397242,2
23732,1,0.0,2
23732,2,0.0,2
23732,3,100.84429825605888,2
23732,4,195.3667227836653,2
23760,0,32.17409457737952,1
23760,1,0.0,1
23760,2,0.0,1
23760,3,32.17409457737952,1
23967,0,83.51750934161073,1
23967,1,0.0,1
23967,2,0.0,1
23967,3,83.51750934161073,1
23984,0,229.6272870583144,1
23984,1,0.0,1
23984,2,0.0,1
23984,3,229.6272870583144,1
24034,0,108.20700285486295,1
24034,1,0.0,1
24034,2,0.0,1
24034,3,108.20700285486295,1
24096,0,154.26059148838357,2
24096,1,0.0,2
24096,2,0.0,2
24096,3,142.26037890965048,2
24096,4,12.000212578733072,2
24273,0,200.47584382098182,1
24273,1,0.0,1
24273,2,0.0,1
24273,3,200.47584382098182,1
24356,0,78.5916784902203,1
24356,1,0.0,1
24356,2,0.0,1
24356,3,78.5916784902203,1
24402,0,148.89136297156057,2
24402,1,0.0,2
24402,2,0.0,2
24402,3,60.592514562295975,2
24402,4,88.29884840926461,2
24454,0,63.055472897661,1
24454,1,0.0,1
24454,2,0.0,1
24454,3,63.055472897661,1
24586,0,662.0,2
24586,1,0.0,2
24586,2,0.0,2
24586,3,223.2584036672348,2
24586,4,438.7415963327652,2
24792,0,35.55042860370583,1
24792,1,0.0,1
24792,2,0.0,1
24792,3,35.55042860370583,1
24947,0,70.4175635204689,1
24947,1,0.0,1
24947,2,0.0,1
24947,3,70.4175635204689,1
25045,0,182.7997126280464,1
25045,1,0.0,1
25045,2,0.0,1
25045,3,182.7997126280464,1
25097,0,281.35384157662736,2
25097,1,0.0,2
25097,2,0.0,2
25097,3,145.45076084088026,2
25097,4,135.90308073574707,2
25224,0,99.0736408080124,1
25224,1,0.0,1
25224,2,0.0,1
25224,3,99.0736408080124,1
25544,0,75.76277007304088,1
25544,1,0.0,1
25544,2,0.0,1
25544,3,75.76277007304088,1
25620,0,57.3014591995944,1
25620,1,0.0,1
25620,2,0.0,1
25620,3,57.3014591995944,1
25785,0,417.11412084861036,2
25785,1,0.0,2
25785,2,0.0,2
25785,3,183.73489331292674,2
25785,4,233.37922753568358,2
25796,0,402.6641765704324,3
25796,1,0.0,3
25796,2,0.0,3
25796,3,85.87306365401359,3
25796,4,316.7911129164188,3
25816,0,231.83541694900168,2
25816,1,0.0,2
25816,2,0.0,2
25816,3,200.0173028345848,2
25816,4,31.818114114416872,2
25883,0,128.94838828706057,1
25883,1,0.0,1
25883,2,0.0,1
25883,3,128.94838828706057,1
25913,0,67.8946286839277,1
25913,1,0.0,1
25913,2,0.0,1
25913,3,67.8946286839277,1
26048,0,131.72483328137994,1
26048,1,0.0,1
26048,2,0.0,1
26048,3,131.72483328137994,1
26106,0,55.18491618210919,1
26106,1,0.0,1
26106,2,0.0,1
26106,3,55.18491618210919,1
26366,0,101.3112095710802,1
26366,1,0.0,1
26366,2,0.0,1
26366,3,101.3112095710802,1
26381,0,83.80249410975715,1
26381,1,0.0,1
26381,2,0.0,1
26381,3,83.80249410975715,1
26450,0,215.72861818896365,1
26450,1,0.0,1
26450,2,0.0,1
26450,3,215.72861818896365,1
26496,0,148.34130666719548,1
26496,1,0.0,1
26496,2,0.0,1
26496,3,148.34130666719548,1
26514,0,84.23316161682115,1
26514,1,0.0,1
26514,2,0.0,1
26514,3,84.23316161682115,1
26648,0,23.874045417671354,1
26648,1,0.0,1
26648,2,0.0,1
26648,3,23.874045417671354,1
26670,0,139.3120355338595,1
26670,1,0.0,1
26670,2,0.0,1
26670,3,139.3120355338595,1
26706,0,308.1536929482224,1
26706,1,0.0,1
26706,2,0.0,1
26706,3,308.1536929482224,1
26719,0,91.66560583501514,1
26719,1,0.0,1
26719,2,0.0,1
26719,3,91.66560583501514,1
26753,0,221.158418694817,1
26753,1,0.0,1
26753,2,0.0,1
26753,3,221.158418694817,1
26763,0,83.51203364516368,1
26763,1,0.0,1
26763,2,0.0,1
26763,3,83.51203364516368,1
26767,0,237.52509877310774,2
26767,1,0.0,2
26767,2,0.0,2
26767,3,141.142088313162,2
26767,4,96.38301045994574,2
27038,0,91.871802249322,1
27038,1,0.0,1
27038,2,0.0,1
27038,3,91.871802249322,1
27068,0,223.5639550303402,1
27068,1,0.0,1
27068,2,0.0,1
27068,3,223.5639550303402,1
27279,0,438.7178225820228,3
27279,1,0.0,3
27279,2,0.0,3
27279,3,139.17135303023576,3
27279,4,299.546469551787,3
27298,0,458.8906436162826,2
27298,1,0.0,2
27298,2,0.0,2
27298,3,42.80256828035422,2
27298,4,416.08807533592835,2
27322,0,318.90628959467807,2
27322,1,0.0,2
27322,2,0.0,2
27322,3,166.65973535704686,2
27322,4,152.24655423763122,2
27571,0,310.2726520114134,1
27571,1,0.0,1
27571,2,0.0,1
27571,3,256.35701811524217,1
27571,4,45.979333781712924,1
27571,5,0.0,1
27571,6,7.9363001144583345,1
27608,0,37.46235777359574,1
27608,1,0.0,1
27608,2,0.0,1
27608,3,37.46235777359574,1
27742,0,371.8427609099765,2
27742,1,0.0,2
27742,2,0.0,2
27742,3,159.92441740250075,2
27742,4,211.91834350747573,2
28175,0,154.3251651262464,1
28175,1,0.0,1
28175,2,0.0,1
28175,3,154.3251651262464,1
28304,0,321.0260768930955,2
28304,1,0.0,2
28304,2,0.0,2
28304,3,183.07952690150069,2
28304,4,137.94654999159476,2
28451,0,54.18265743376305,1
28451,1,0.0,1
28451,2,0.0,1
28451,3,54.18265743376305,1
28504,0,25.997285216404542,1
28504,1,0.0,1
28504,2,0.0,1
28504,3,25.997285216404542,1
28738,0,146.8232910584528,1
28738,1,0.0,1
28738,2,0.0,1
28738,3,146.8232910584528,1
28843,0,62.608930785055804,1
28843,1,0.0,1
28843,2,0.0,1
28843,3,62.608930785055804,1
28892,0,176.04325218631706,1
28892,1,0.0,1
28892,2,0.0,1
28892,3,176.04325218631706,1
29236,0,187.34866071685175,1
29236,1,0.0,1
29236,2,0.0,1
29236,3,187.34866071685175,1
29263,0,124.05196349169711,1
29263,1,0.0,1
29263,2,0.0,1
29263,3,124.05196349169711,1
29328,0,74.68257161997371,1
29328,1,0.0,1
29328,2,0.0,1
29328,3,74.68257161997371,1
29535,0,163.06344316660466,1
29535,1,0.0,1
29535,2,0.0,1
29535,3,163.06344316660466,1
29570,0,83.85596536123685,1
29570,1,0.0,1
29570,2,0.0,1
29570,3,83.85596536123685,1
29585,0,241.33866668682035,2
29585,1,0.0,2
29585,2,0.0,2
29585,3,112.07619441921679,2
29585,4,129.26247226760356,2
29694,0,177.54454637153543,1
29694,1,0.0,1
29694,2,0.0,1
29694,3,177.54454637153543,1
29744,0,25.448829739539214,1
29744,1,0.0,1
29744,2,0.0,1
29744,3,25.448829739539214,1
29797,0,103.80572756275974,1
29797,1,0.0,1
29797,2,0.0,1
29797,3,103.80572756275974,1
29860,0,96.8139167319757,1
29860,1,0.0,1
29860,2,0.0,1
29860,3,96.8139167319757,1
29883,0,288.9437236444486,2
29883,1,0.0,2
29883,2,0.0,2
29883,3,45.85279983230217,2
29883,4,243.09092381214643,2
29945,0,177.78766650141293,1
29945,1,0.0,1
29945,2,0.0,1
29945,3,177.78766650141293,1
30166,0,227.8785879139296,2
30166,1,0.0,2
30166,2,0.0,2
30166,3,101.73028500006275,2
30166,4,126.14830291386686,2
30199,0,48.956469916821234,1
30199,1,0.0,1
30199,2,0.0,1
30199,3,48.956469916821234,1
30266,0,144.8516205341791,1
30266,1,0.0,1
30266,2,0.0,1
30266,3,144.8516205341791,1
30344,0,59.21432121672099,1
30344,1,0.0,1
30344,2,0.0,1
30344,3,59.21432121672099,1
30445,0,71.3362496601525,1
30445,1,0.0,1
30445,2,0.0,1
30445,3,71.3362496601525,1
30580,0,93.76523612505594,1
30580,1,0.0,1
30580,2,0.0,1
30580,3,93.76523612505594,1
30874,0,483.45740780357494,4
30874,1,0.0,4
30874,2,0.0,4
30874,3,152.04528893562141,4
30874,4,331.41211886795355,4
30896,0,154.23492367148262,1
30896,1,0.0,1
30896,2,0.0,1
30896,3,154.23492367148262,1
31007,0,225.7176260745916,1
31007,1,0.0,1
31007,2,0.0,1
31007,3,225.7176260745916,1
31425,0,64.38293025820252,1
31425,1,0.0,1
31425,2,0.0,1
31425,3,64.38293025820252,1
31498,0,40.984921569723554,1
31498,1,0.0,1
31498,2,0.0,1
31498,3,40.984921569723554,1
31504,0,39.903243155651744,1
31504,1,0.0,1
31504,2,0.0,1
31504,3,39.903243155651744,1
31585,0,76.44119025669404,1
31585,1,0.0,1
31585,2,0.0,1
31585,3,76.44119025669404,1
31745,0,113.62711514207469,1
31745,1,0.0,1
31745,2,0.0,1
31745,3,113.62711514207469,1
31778,0,186.029553808547,1
31778,1,0.0,1
31778,2,0.0,1
31778,3,186.029553808547,1
31852,0,149.22096552054208,1
31852,1,0.0,1
31852,2,0.0,1
31852,3,149.22096552054208,1
31920,0,76.95195038931135,1
31920,1,0.0,1
31920,2,0.0,1
31920,3,76.95195038931135,1
31956,0,66.46051076396387,1
31956,1,0.0,1
31956,2,0.0,1
31956,3,66.46051076396387,1
32002,0,23.1568033581383,1
32002,1,0.0,1
32002,2,0.0,1
32002,3,23.1568033581383,1
32198,0,240.39156227730376,2
32198,1,0.0,2
32198,2,0.0,2
32198,3,52.033316739685475,2
32198,4,188.3582455376183,2
32234,0,45.39443928067232,1
32234,1,0.0,1
32234,2,0.0,1
32234,3,45.39443928067232,1
32741,0,311.3148148669967,2
32741,1,0.0,2
32741,2,0.0,2
32741,3,99.02502409984903,2
32741,4,212.28979076714765,2
32865,0,255.81790420591082,2
32865,1,0.0,2
32865,2,0.0,2
32865,3,122.10742781609818,2
32865,4,133.71047638981264,2
33116,0,67.34771215055656,1
33116,1,0.0,1
33116,2,0.0,1
33116,3,66.16089014195722,1
33116,4,0.0,1
33116,5,0.0,1
33116,6,1.1868220085993286,1
33539,0,552.3064443463536,2
33539,1,0.0,2
33539,2,0.0,2
33539,3,397.47464500908023,2
33539,4,99.45855012556757,2
33539,5,55.37324921170585,2
33614,0,28.12921515149558,1
33614,1,0.0,1
33614,2,0.0,1
33614,3,28.12921515149558,1
33637,0,181.54349863477836,1
33637,1,0.0,1
33637,2,0.0,1
33637,3,181.54349863477836,1
33941,0,151.35783109428647,2
33941,1,0.0,2
33941,2,0.0,2
33941,3,83.70933002215675,2
33941,4,67.64850107212972,2
33957,0,143.91830743009416,1
33957,1,0.0,1
33957,2,0.0,1
33957,3,143.91830743009416,1
33968,0,537.3577390002242,4
33968,1,0.0,4
33968,2,0.0,4
33968,3,124.24453260791901,4
33968,4,413.1132063923052,4
33991,0,662.0,2
33991,1,0.0,2
33991,2,0.0,2
33991,3,130.98705292566993,2
33991,4,531.0129470743301,2
34002,0,269.63809935264226,2
34002,1,0.0,2
34002,2,0.0,2
34002,3,140.7468529568272,2
34002,4,128.89124639581505,2
34110,0,229.4569346117694,1
34110,1,0.0,1
34110,2,0.0,1
34110,3,229.4569346117694,1
34118,0,193.99134902852572,1
34118,1,0.0,1
34118,2,0.0,1
34118,3,193.99134902852572,1
34391,0,201.6901095253474,2
34391,1,0.0,2
34391,2,0.0,2
34391,3,119.84233213435391,2
34391,4,81.84777739099347,2
34562,0,64.27085481653438,1
34562,1,0.0,1
34562,2,0.0,1
34562,3,64.27085481653438,1
34577,0,93.5780227542854,1
34577,1,0.0,1
34577,2,0.0,1
34577,3,93.5780227542854,1
34698,0,148.88241109817235,1
34698,1,0.0,1
34698,2,0.0,1
34698,3,148.88241109817235,1
34717,0,163.26007960387557,1
34717,1,0.0,1
34717,2,0.0,1
34717,3,163.26007960387557,1
34736,0,662.0,2
34736,1,0.0,2
34736,2,0.0,2
34736,3,174.4372300009352,2
34736,4,487.5627699990648,2
34756,0,336.07368223659694,3
34756,1,0.0,3
34756,2,0.0,3
34756,3,137.2085724615474,3
34756,4,198.86510977504955,3
34797,0,368.4159786681871,1
34797,1,0.0,1
34797,2,0.0,1
34797,3,368.4159786681871,1
34918,0,29.243929217349308,1
34918,1,0.0,1
34918,2,0.0,1
34918,3,29.243929217349308,1
34970,0,404.21226014138966,2
34970,1,0.0,2
34970,2,0.0,2
34970,3,63.50021845469522,2
34970,4,340.7120416866944,2
35554,0,180.89572177426842,1
35554,1,0.0,1
35554,2,0.0,1
35554,3,180.89572177426842,1
35626,0,139.1786771108534,1
35626,1,0.0,1
35626,2,0.0,1
35626,3,139.1786771108534,1
35735,0,144.79013144854514,1
35735,1,0.0,1
35735,2,0.0,1
35735,3,144.79013144854514,1
35817,0,224.01232984729575,2
35817,1,0.0,2
35817,2,0.0,2
35817,3,133.79045592131556,2
35817,4,90.22187392598019,2
35870,0,141.86748724238396,1
35870,1,0.0,1
35870,2,0.0,1
35870,3,141.86748724238396,1
35881,0,301.0378867368955,2
35881,1,0.0,2
35881,2,0.0,2
35881,3,94.13650548380537,2
35881,4,206.9013812530901,2
35903,0,280.23365603955784,2
35903,1,0.0,2
35903,2,0.0,2
35903,3,106.44559747415127,2
35903,4,173.78805856540657,2
36159,0,407.1386780400407,2
36159,1,0.0,2
36159,2,0.0,2
36159,3,147.96672949874255,2
36159,4,259.17194854129815,2
36166,0,142.45713048487505,2
36166,1,0.0,2
36166,2,0.0,2
36166,3,48.6930986959877,2
36166,4,93.76403178888737,2
36251,0,352.49439114433943,2
36251,1,0.0,2
36251,2,0.0,2
36251,3,188.8442146575519,2
36251,4,163.65017648678753,2
36327,0,78.47009675996274,1
36327,1,0.0,1
36327,2,0.0,1
36327,3,78.47009675996274,1
36408,0,338.4234769896448,1
36408,1,0.0,1
36408,2,0.0,1
36408,3,338.4234769896448,1
36838,0,407.40998961838966,2
36838,1,0.0,2
36838,2,0.0,2
36838,3,127.18854451896,2
36838,4,280.2214450994297,2
36855,0,523.1464735259199,1
36855,1,0.0,1
36855,2,0.0,1
36855,3,45.50853740458805,1
36855,4,0.0,1
36855,5,477.6379361213318,1
36898,0,43.06902055130046,1
36898,1,0.0,1
36898,2,0.0,1
36898,3,43.06902055130046,1
36927,0,364.9197291061673,2
36927,1,0.0,2
36927,2,0.0,2
36927,3,165.12585735573242,2
36927,4,199.79387175043487,2
37000,0,173.40893840772463,1
37000,1,0.0,1
37000,2,0.0,1
37000,3,173.40893840772463,1
37138,0,187.4396950332424,1
37138,1,0.0,1
37138,2,0.0,1
37138,3,187.4396950332424,1
37677,0,190.4618010572105,1
37677,1,0.0,1
37677,2,0.0,1
37677,3,190.4618010572105,1
38040,0,18.88945967870759,1
38040,1,0.0,1
38040,2,0.0,1
38040,3,18.88945967870759,1
38076,0,101.37294537959829,1
38076,1,0.0,1
38076,2,0.0,1
38076,3,101.37294537959829,1
38086,0,213.03199516230842,1
38086,1,0.0,1
38086,2,0.0,1
38086,3,213.03199516230842,1
38163,0,9.903738605542747,1
38163,1,0.0,1
38163,2,0.0,1
38163,3,5.670643891418393,1
38163,4,0.0,1
38163,5,0.0,1
38163,6,4.233094714124354,1
38249,0,178.87934972212952,1
38249,1,0.0,1
38249,2,0.0,1
38249,3,178.87934972212952,1
38456,0,91.19734727148443,1
38456,1,0.0,1
38456,2,0.0,1
38456,3,91.19734727148443,1
38901,0,108.83806706621135,1
38901,1,0.0,1
38901,2,0.0,1
38901,3,108.83806706621135,1
39064,0,113.34201876363281,1
39064,1,0.0,1
39064,2,0.0,1
39064,3,113.34201876363281,1
39229,0,43.702637507143535,1
39229,1,0.0,1
39229,2,0.0,1
39229,3,43.702637507143535,1
39451,0,50.45592691276091,1
39451,1,0.0,1
39451,2,0.0,1
39451,3,50.45592691276091,1
39513,0,122.03781947074377,1
39513,1,0.0,1
39513,2,0.0,1
39513,3,122.03781947074377,1
39530,0,47.589275141712186,1
39530,1,0.0,1
39530,2,0.0,1
39530,3,47.589275141712186,1
39544,0,28.74403188745911,1
39544,1,0.0,1
39544,2,0.0,1
39544,3,28.74403188745911,1
39590,0,48.98572989387906,1
39590,1,0.0,1
39590,2,0.0,1
39590,3,48.98572989387906,1
39760,0,159.22171641008387,1
39760,1,0.0,1
39760,2,0.0,1
39760,3,159.22171641008387,1
39802,0,90.62707645032586,1
39802,1,0.0,1
39802,2,0.0,1
39802,3,90.62707645032586,1
39806,0,187.22194870556768,1
39806,1,0.0,1
39806,2,0.0,1
39806,3,187.22194870556768,1
39954,0,91.25816452742474,1
39954,1,0.0,1
39954,2,0.0,1
39954,3,91.25816452742474,1
39979,0,58.26452381202529,1
39979,1,0.0,1
39979,2,0.0,1
39979,3,58.26452381202529,1
40054,0,442.5428720268661,2
40054,1,0.0,2
40054,2,0.0,2
40054,3,155.96145947752748,2
40054,4,286.58141254933867,2
40180,0,93.15625597828047,1
40180,1,0.0,1
40180,2,0.0,1
40180,3,93.15625597828047,1
40309,0,39.70996924205239,1
40309,1,0.0,1
40309,2,0.0,1
40309,3,39.70996924205239,1
40335,0,139.1825983106131,1
40335,1,0.0,1
40335,2,0.0,1
40335,3,139.1825983106131,1
40367,0,65.85651024315841,1
40367,1,0.0,1
40367,2,0.0,1
40367,3,65.85651024315841,1
40522,0,64.39747264978601,1
40522,1,0.0,1
40522,2,0.0,1
40522,3,64.39747264978601,1
40554,0,44.06341359287658,1
40554,1,0.0,1
40554,2,0.0,1
40554,3,44.06341359287658,1
40557,0,338.4174004915193,2
40557,1,0.0,2
40557,2,0.0,2
40557,3,157.7012476411289,2
40557,4,180.7161528503904,2
40814,0,38.2029924658982,1
40814,1,0.0,1
40814,2,0.0,1
40814,3,38.2029924658982,1
40947,0,232.73095389394172,1
40947,1,0.0,1
40947,2,0.0,1
40947,3,232.73095389394172,1
41025,0,150.072855548255,1
41025,1,0.0,1
41025,2,0.0,1
41025,3,150.072855548255,1
41151,0,25.857521262833803,1
41151,1,0.0,1
41151,2,0.0,1
41151,3,25.857521262833803,1
41176,0,68.93988152851848,1
41176,1,0.0,1
41176,2,0.0,1
41176,3,68.93988152851848,1
41248,0,180.83855087323508,1
41248,1,0.0,1
41248,2,0.0,1
41248,3,180.83855087323508,1
41428,0,50.60802228942285,1
41428,1,0.0,1
41428,2,0.0,1
41428,3,50.60802228942285,1
41475,0,353.18816799159777,2
41475,1,0.0,2
41475,2,0.0,2
41475,3,115.54887016420167,2
41475,4,237.63929782739612,2
41601,0,128.3773164366081,1
41601,1,0.0,1
41601,2,0.0,1
41601,3,128.3773164366081,1
41720,0,91.96445281914767,1
41720,1,0.0,1
41720,2,0.0,1
41720,3,91.96445281914767,1
41836,0,61.02601298235033,1
41836,1,0.0,1
41836,2,0.0,1
41836,3,61.02601298235033,1
41855,0,54.624743776600646,1
41855,1,0.0,1
41855,2,0.0,1
41855,3,54.624743776600646,1
42052,0,55.28089236378031,1
42052,1,0.0,1
42052,2,0.0,1
42052,3,55.28089236378031,1
42168,0,662.0,1
42168,1,0.0,1
42168,2,0.0,1
42168,3,93.83313081712718,1
42168,4,568.1668691828728,1
42214,0,77.03686106844832,1
42214,1,0.0,1
42214,2,0.0,1
42214,3,77.03686106844832,1
42297,0,72.68581495594894,1
42297,1,0.0,1
42297,2,0.0,1
42297,3,72.68581495594894,1
42384,0,19.923568038638262,1
42384,1,0.0,1
42384,2,0.0,1
42384,3,19.923568038638262,1
42395,0,181.5607901477564,1
42395,1,0.0,1
42395,2,0.0,1
42395,3,181.5607901477564,1
42419,0,130.69955451261217,1
42419,1,0.0,1
42419,2,0.0,1
42419,3,130.69955451261217,1
42424,0,161.97796307256664,2
42424,1,0.0,2
42424,2,0.0,2
42424,3,157.3536436961962,2
42424,4,4.624319376370423,2
42452,0,61.852125625565854,1
42452,1,0.0,1
42452,2,0.0,1
42452,3,61.852125625565854,1
42465,0,176.29751583363802,1
42465,1,0.0,1
42465,2,0.0,1
42465,3,176.29751583363802,1
42512,0,55.32323384988991,1
42512,1,0.0,1
42512,2,0.0,1
42512,3,55.32323384988991,1
42647,0,126.79705322100921,1
42647,1,0.0,1
42647,2,0.0,1
42647,3,126.79705322100921,1
42711,0,92.58931877436116,1
42711,1,0.0,1
42711,2,0.0,1
42711,3,92.58931877436116,1
42762,0,114.49837241546246,1
42762,1,0.0,1
42762,2,0.0,1
42762,3,114.49837241546246,1
43093,0,182.01601349826151,1
43093,1,0.0,1
43093,2,0.0,1
43093,3,182.01601349826151,1
43758,0,147.96017576019892,1
43758,1,0.0,1
43758,2,0.0,1
43758,3,147.96017576019892,1
44091,0,72.49577399103212,1
44091,1,0.0,1
44091,2,0.0,1
44091,3,72.49577399103212,1
44095,0,202.8857238646683,1
44095,1,0.0,1
44095,2,0.0,1
44095,3,202.8857238646683,1
44186,0,408.47855227944586,3
44186,1,0.0,3
44186,2,0.0,3
44186,3,156.25208786240185,3
44186,4,252.226464417044,3
44274,0,662.0,2
44274,1,0.0,2
44274,2,0.0,2
44274,3,55.74240876586078,2
44274,4,606.2575912341392,2
44374,0,133.1370719265576,1
44374,1,0.0,1
44374,2,0.0,1
44374,3,133.1370719265576,1
44774,0,106.61150984510692,1
44774,1,0.0,1
44774,2,0.0,1
44774,3,106.61150984510692,1
44872,0,149.32577005169068,1
44872,1,0.0,1
44872,2,0.0,1
44872,3,149.32577005169068,1
44936,0,170.30328409152628,1
44936,1,0.0,1
44936,2,0.0,1
44936,3,170.30328409152628,1
45117,0,23.41056179219503,1
45117,1,0.0,1
45117,2,0.0,1
45117,3,23.41056179219503,1
45213,0,60.642379135605886,1
45213,1,0.0,1
45213,2,0.0,1
45213,3,60.642379135605886,1
45262,0,96.20479855897645,1
45262,1,0.0,1
45262,2,0.0,1
45262,3,96.20479855897645,1
45367,0,519.6307771920783,5
45367,1,0.0,5
45367,2,0.0,5
45367,3,110.82348902740979,5
45367,4,408.8072881646685,5
45370,0,101.56650265255418,1
45370,1,0.0,1
45370,2,0.0,1
45370,3,101.56650265255418,1
45401,0,461.6263694295949,2
45401,1,0.0,2
45401,2,0.0,2
45401,3,86.8620845050213,2
45401,4,374.7642849245736,2
45506,0,131.5306015797789,1
45506,1,0.0,1
45506,2,0.0,1
45506,3,131.5306015797789,1
45560,0,117.8163021198082,1
45560,1,0.0,1
45560,2,0.0,1
45560,3,117.8163021198082,1
45723,0,45.569185525428765,1
45723,1,0.0,1
45723,2,0.0,1
45723,3,45.569185525428765,1
45790,0,259.2566114888261,1
45790,1,0.0,1
45790,2,0.0,1
45790,3,259.2566114888261,1
45802,0,202.5992905732049,2
45802,1,0.0,2
45802,2,0.0,2
45802,3,90.0528297298665,2
45802,4,112.54646084333841,2
45848,0,146.38975688107004,1
45848,1,0.0,1
45848,2,0.0,1
45848,3,146.38975688107004,1
45854,0,111.7092343472471,1
45854,1,0.0,1
45854,2,0.0,1
45854,3,111.7092343472471,1
45905,0,65.95884060630996,1
45905,1,0.0,1
45905,2,0.0,1
45905,3,65.95884060630996,1
45923,0,26.143143528722046,1
45923,1,0.0,1
45923,2,0.0,1
45923,3,26.143143528722046,1
46103,0,129.8584252786743,2
46103,1,0.0,2
46103,2,0.0,2
46103,3,50.68894818783587,2
46103,4,79.16947709083844,2
46384,0,502.569842018372,1
46384,1,0.0,1
46384,2,0.0,1
46384,3,24.162343248643303,1
46384,4,476.9268784593305,1
46384,5,0.0,1
46384,6,1.4806203103982034,1
46443,0,226.72235704359477,2
46443,1,0.0,2
46443,2,0.0,2
46443,3,196.27916848018899,2
46443,4,30.443188563405776,2
46637,0,140.52058883035622,1
46637,1,0.0,1
46637,2,0.0,1
46637,3,140.52058883035622,1
46693,0,177.99871676237112,1
46693,1,0.0,1
46693,2,0.0,1
46693,3,177.99871676237112,1
47184,0,149.33256034641295,1
47184,1,0.0,1
47184,2,0.0,1
47184,3,149.33256034641295,1
47212,0,219.99674925144512,2
47212,1,0.0,2
47212,2,0.0,2
47212,3,102.10830954704942,2
47212,4,117.88843970439572,2
47421,0,181.1383633429499,1
47421,1,0.0,1
47421,2,0.0,1
47421,3,181.1383633429499,1
47729,0,94.479709450355,1
47729,1,0.0,1
47729,2,0.0,1
47729,3,94.479709450355,1
47808,0,662.0,1
47808,1,0.0,1
47808,2,0.0,1
47808,3,124.40922984279624,1
47808,4,537.5907701572038,1
47907,0,151.3573542902581,1
47907,1,0.0,1
47907,2,0.0,1
47907,3,151.3573542902581,1
48020,0,95.77610529693037,1
48020,1,0.0,1
48020,2,0.0,1
48020,3,95.77610529693037,1
48047,0,119.60182480934623,1
48047,1,0.0,1
48047,2,0.0,1
48047,3,119.60182480934623,1
48124,0,188.18214757611491,2
48124,1,0.0,2
48124,2,0.0,2
48124,3,45.01745187109463,2
48124,4,143.16469570502028,2
48149,0,474.764314064029,3
48149,1,0.0,3
48149,2,0.0,3
48149,3,116.18876841390279,3
48149,4,358.57554565012623,3
48177,0,68.23779900693683,1
48177,1,0.0,1
48177,2,0.0,1
48177,3,68.23779900693683,1
48199,0,401.27410313817415,2
48199,1,0.0,2
48199,2,0.0,2
48199,3,187.11112567427315,2
48199,4,214.162977463901,2
48204,0,365.70063207248,2
48204,1,0.0,2
48204,2,0.0,2
48204,3,91.82064048867888,2
48204,4,273.87999158380114,2
48288,0,57.77714870292905,1
48288,1,0.0,1
48288,2,0.0,1
48288,3,57.77714870292905,1
48311,0,35.39229385712039,1
48311,1,0.0,1
48311,2,0.0,1
48311,3,35.39229385712039,1
48615,0,236.9302852562373,1
48615,1,0.0,1
48615,2,0.0,1
48615,3,236.9302852562373,1
48811,0,93.70741644421109,1
48811,1,0.0,1
48811,2,0.0,1
48811,3,93.70741644421109,1
48916,0,350.86473522941236,3
48916,1,0.0,3
48916,2,0.0,3
48916,3,81.60022919041165,3
48916,4,269.2645060390007,3
48921,0,662.0,1
48921,1,0.0,1
48921,2,0.0,1
48921,3,177.84434044656345,1
48921,4,484.1556595534365,1
49070,0,153.72849658558385,1
49070,1,0.0,1
49070,2,0.0,1
49070,3,153.72849658558385,1
49112,0,115.84162379208563,2
49112,1,0.0,2
49112,2,0.0,2
49112,3,61.30068161281677,2
49112,4,54.54094217926886,2
49131,0,24.60875192204437,1
49131,1,0.0,1
49131,2,0.0,1
49131,3,24.60875192204437,1
49237,0,388.6768137066267,3
49237,1,0.0,3
49237,2,0.0,3
49237,3,112.48531715370335,3
49237,4,276.19149655292335,3
49368,0,271.7713143304396,1
49368,1,0.0,1
49368,2,0.0,1
49368,3,271.7713143304396,1
49377,0,42.06466011578635,1
49377,1,0.0,1
49377,2,0.0,1
49377,3,42.06466011578635,1
49405,0,50.46906243267024,1
49405,1,0.0,1
49405,2,0.0,1
49405,3,50.46906243267024,1
49488,0,30.46506370234814,1
49488,1,0.0,1
49488,2,0.0,1
49488,3,30.46506370234814,1
49604,0,105.90288996927177,1
49604,1,0.0,1
49604,2,0.0,1
49604,3,105.90288996927177,1
49663,0,225.30912177781988,2
49663,1,0.0,2
49663,2,0.0,2
49663,3,194.3985318226023,2
49663,4,30.91058995521756,2
49838,0,332.5815681089841,3
49838,1,0.0,3
49838,2,0.0,3
49838,3,33.722049093877104,3
49838,4,298.85951901510697,3
49847,0,314.81331289904915,2
49847,1,0.0,2
49847,2,0.0,2
49847,3,69.41325299990864,2
49847,4,245.40005989914053,2
49952,0,123.4012105847011,1
49952,1,0.0,1
49952,2,0.0,1
49952,3,123.4012105847011,1
50094,0,250.95867293694738,2
50094,1,0.0,2
50094,2,0.0,2
50094,3,194.90103095178145,2
50094,4,56.05764198516594,2
50144,0,38.462829138332324,1
50144,1,0.0,1
50144,2,0.0,1
50144,3,38.462829138332324,1
50166,0,97.28432223366801,1
50166,1,0.0,1
50166,2,0.0,1
50166,3,97.28432223366801,1
50281,0,48.772830877777835,1
50281,1,0.0,1
50281,2,0.0,1
50281,3,48.772830877777835,1
50490,0,169.73194595119034,1
50490,1,0.0,1
50490,2,0.0,1
50490,3,44.46118531158466,1
50490,4,0.0,1
50490,5,123.68269898445897,1
50490,6,1.5880616551466904,1
50565,0,241.51323460078305,2
50565,1,0.0,2
50565,2,0.0,2
50565,3,168.409997788101,2
50565,4,73.10323681268204,2
50683,0,103.83300045847044,1
50683,1,0.0,1
50683,2,0.0,1
50683,3,103.83300045847044,1
50725,0,142.0706857761018,1
50725,1,0.0,1
50725,2,0.0,1
50725,3,142.0706857761018,1
50758,0,158.91657693714222,1
50758,1,0.0,1
50758,2,0.0,1
50758,3,158.91657693714222,1
50951,0,313.455132732133,2
50951,1,0.0,2
50951,2,0.0,2
50951,3,125.1861881040347,2
50951,4,188.2689446280983,2
51015,0,221.75287009094995,1
51015,1,0.0,1
51015,2,0.0,1
51015,3,221.75287009094995,1
51194,0,71.43773851477397,1
51194,1,0.0,1
51194,2,0.0,1
51194,3,71.43773851477397,1
51344,0,127.21484066048582,1
51344,1,0.0,1
51344,2,0.0,1
51344,3,127.21484066048582,1
51675,0,24.004222812249342,1
51675,1,0.0,1
51675,2,0.0,1
51675,3,24.004222812249342,1
51708,0,337.1435228794495,2
51708,1,0.0,2
51708,2,0.0,2
51708,3,137.36815604742557,2
51708,4,199.77536683202396,2
51898,0,149.55726275732127,1
51898,1,0.0,1
51898,2,0.0,1
51898,3,149.55726275732127,1
52248,0,179.80213125489047,1
52248,1,0.0,1
52248,2,0.0,1
52248,3,179.80213125489047,1
52402,0,30.651659397143426,1
52402,1,0.0,1
52402,2,0.0,1
52402,3,30.651659397143426,1
52414,0,163.4455947408901,1
52414,1,0.0,1
52414,2,0.0,1
52414,3,163.4455947408901,1
52496,0,149.29078194741362,1
52496,1,0.0,1
52496,2,0.0,1
52496,3,149.29078194741362,1
52527,0,121.41639973614015,1
52527,1,0.0,1
52527,2,0.0,1
52527,3,121.41639973614015,1
52544,0,244.77559933992708,1
52544,1,0.0,1
52544,2,0.0,1
52544,3,244.77559933992708,1
52578,0,88.17952309193322,1
52578,1,0.0,1
52578,2,0.0,1
52578,3,88.17952309193322,1
52717,0,77.09321692831128,1
52717,1,0.0,1
52717,2,0.0,1
52717,3,77.09321692831128,1
52955,0,156.32241728893658,1
52955,1,0.0,1
52955,2,0.0,1
52955,3,156.32241728893658,1
53012,0,63.6393294230041,1
53012,1,0.0,1
53012,2,0.0,1
53012,3,63.6393294230041,1
53282,0,30.09912095967581,1
53282,1,0.0,1
53282,2,0.0,1
53282,3,28.460964957004002,1
53282,4,0.0,1
53282,5,0.0,1
53282,6,1.6381560026718074,1
53526,0,467.9135371388849,3
53526,1,0.0,3
53526,2,0.0,3
53526,3,86.17916894492284,3
53526,4,381.7343681939621,3
53584,0,102.84195114640015,1
53584,1,0.0,1
53584,2,0.0,1
53584,3,102.84195114640015,1
53646,0,164.8680831979799,1
53646,1,0.0,1
53646,2,0.0,1
53646,3,164.8680831979799,1
53730,0,46.43326989307228,1
53730,1,0.0,1
53730,2,0.0,1
53730,3,46.43326989307228,1
54028,0,127.79869359449548,1
54028,1,0.0,1
54028,2,0.0,1
54028,3,127.79869359449548,1
54048,0,95.06134304671399,1
54048,1,0.0,1
54048,2,0.0,1
54048,3,95.06134304671399,1
54450,0,307.8456070154566,1
54450,1,0.0,1
54450,2,0.0,1
54450,3,307.8456070154566,1
54517,0,98.59392099153041,1
54517,1,0.0,1
54517,2,0.0,1
54517,3,98.59392099153041,1
54601,0,200.77057341917887,1
54601,1,0.0,1
54601,2,0.0,1
54601,3,200.77057341917887,1
54614,0,106.57247638127909,1
54614,1,0.0,1
54614,2,0.0,1
54614,3,106.57247638127909,1
54621,0,224.7495815833227,2
54621,1,0.0,2
54621,2,0.0,2
54621,3,51.25950921355127,2
54621,4,173.49007236977144,2
54787,0,474.9769709507531,3
54787,1,0.0,3
54787,2,0.0,3
54787,3,143.52002921785612,3
54787,4,331.456941732897,3
55064,0,210.48349300405545,1
55064,1,0.0,1
55064,2,0.0,1
55064,3,210.48349300405545,1
55104,0,210.9150997959242,2
55104,1,0.0,2
55104,2,0.0,2
55104,3,162.14045485804567,2
55104,4,48.77464493787853,2
55221,0,99.9283502562176,1
55221,1,0.0,1
55221,2,0.0,1
55221,3,99.9283502562176,1
55332,0,124.68383776808123,2
55332,1,0.0,2
55332,2,0.0,2
55332,3,65.37410147365175,2
55332,4,59.309736294429484,2
55380,0,69.68137066531021,1
55380,1,0.0,1
55380,2,0.0,1
55380,3,69.68137066531021,1
55542,0,115.418979506821,1
55542,1,0.0,1
55542,2,0.0,1
55542,3,115.418979506821,1
55641,0,75.68309469431433,1
55641,1,0.0,1
55641,2,0.0,1
55641,3,75.68309469431433,1
55734,0,55.99381938233161,1
55734,1,0.0,1
55734,2,0.0,1
55734,3,55.99381938233161,1
55838,0,51.27027731542388,2
55838,1,0.0,2
55838,2,0.0,2
55838,3,37.426008444051085,2
55838,4,13.8442688713728,2
55879,0,49.16027316600335,1
55879,1,0.0,1
55879,2,0.0,1
55879,3,49.16027316600335,1
55901,0,39.20792594289446,1
55901,1,0.0,1
55901,2,0.0,1
55901,3,39.20792594289446,1
56044,0,181.30676139201162,1
56044,1,0.0,1
56044,2,0.0,1
56044,3,181.30676139201162,1
56325,0,28.443727742428425,1
56325,1,0.0,1
56325,2,0.0,1
56325,3,28.443727742428425,1
56337,0,373.89612351433334,2
56337,1,0.0,2
56337,2,0.0,2
56337,3,75.9684466467605,2
56337,4,297.92767686757287,2
56519,0,172.97250293855086,1
56519,1,0.0,1
56519,2,0.0,1
56519,3,172.97250293855086,1
56788,0,27.715468634480157,1
56788,1,0.0,1
56788,2,0.0,1
56788,3,27.715468634480157,1
56917,0,473.1986161457344,2
56917,1,0.0,2
56917,2,0.0,2
56917,3,124.11695239637454,2
56917,4,349.08166374935985,2
57049,0,125.44184859418739,1
57049,1,0.0,1
57049,2,0.0,1
57049,3,125.44184859418739,1
57079,0,72.12891049435721,1
57079,1,0.0,1
57079,2,0.0,1
57079,3,72.12891049435721,1
57104,0,146.60326450387063,1
57104,1,0.0,1
57104,2,0.0,1
57104,3,146.60326450387063,1
57244,0,74.48983616392724,1
57244,1,0.0,1
57244,2,0.0,1
57244,3,74.48983616392724,1
57305,0,74.0405647129686,1
57305,1,0.0,1
57305,2,0.0,1
57305,3,74.0405647129686,1
57496,0,109.42721927971022,1
57496,1,0.0,1
57496,2,0.0,1
57496,3,109.42721927971022,1
57499,0,29.642137391435508,1
57499,1,0.0,1
57499,2,0.0,1
57499,3,29.642137391435508,1
57551,0,91.00882128865372,1
57551,1,0.0,1
57551,2,0.0,1
57551,3,91.00882128865372,1
57567,0,188.26869403018682,1
57567,1,0.0,1
57567,2,0.0,1
57567,3,188.26869403018682,1
57705,0,141.3332550119507,1
57705,1,0.0,1
57705,2,0.0,1
57705,3,141.3332550119507,1
57706,0,661.9999999999999,5
57706,1,0.0,5
57706,2,0.0,5
57706,3,141.44288135943216,5
57706,4,388.49093341075564,5
57706,5,132.06618522981216,5
57786,0,106.55204915484862,1
57786,1,0.0,1
57786,2,0.0,1
57786,3,106.55204915484862,1
58003,0,301.64216229144375,2
58003,1,0.0,2
58003,2,0.0,2
58003,3,81.73565303285623,2
58003,4,219.9065092585875,2
58101,0,148.78590743755137,1
58101,1,0.0,1
58101,2,0.0,1
58101,3,148.78590743755137,1
58106,0,69.36045254905775,1
58106,1,0.0,1
58106,2,0.0,1
58106,3,69.36045254905775,1
58275,0,106.22345290502855,1
58275,1,0.0,1
58275,2,0.0,1
58275,3,106.22345290502855,1
58437,0,662.0,1
58437,1,0.0,1
58437,2,0.0,1
58437,3,109.5772443496793,1
58437,4,552.4227556503207,1
58569,0,100.56468425919984,1
58569,1,0.0,1
58569,2,0.0,1
58569,3,100.56468425919984,1
58809,0,95.9947543057822,1
58809,1,0.0,1
58809,2,0.0,1
58809,3,95.9947543057822,1
58899,0,146.91081492974223,1
58899,1,0.0,1
58899,2,0.0,1
58899,3,146.91081492974223,1
59259,0,432.8601242530382,2
59259,1,0.0,2
59259,2,0.0,2
59259,3,335.7456621919529,2
59259,4,97.11446206108529,2
59512,0,471.3637746139236,1
59512,1,0.0,1
59512,2,0.0,1
59512,3,471.3637746139236,1
59555,0,24.667628394155038,1
59555,1,0.0,1
59555,2,0.0,1
59555,3,24.667628394155038,1
59643,0,121.29978084429915,1
59643,1,0.0,1
59643,2,0.0,1
59643,3,121.29978084429915,1
59792,0,133.57224013068847,1
59792,1,0.0,1
59792,2,0.0,1
59792,3,133.57224013068847,1
59820,0,55.636630488740124,1
59820,1,0.0,1
59820,2,0.0,1
59820,3,55.636630488740124,1
60100,0,82.86127313284885,1
60100,1,0.0,1
60100,2,0.0,1
60100,3,82.86127313284885,1
60310,0,78.71779246721077,1
60310,1,0.0,1
60310,2,0.0,1
60310,3,78.71779246721077,1
60341,0,93.53588866466933,1
60341,1,0.0,1
60341,2,0.0,1
60341,3,93.53588866466933,1
60590,0,183.31244997225966,1
60590,1,0.0,1
60590,2,0.0,1
60590,3,183.31244997225966,1
60821,0,394.57411940643146,2
60821,1,0.0,2
60821,2,0.0,2
60821,3,153.22563270516608,2
60821,4,241.34848670126541,2
60847,0,108.12316305155689,1
60847,1,0.0,1
60847,2,0.0,1
60847,3,108.12316305155689,1
60876,0,114.4057568822614,1
60876,1,0.0,1
60876,2,0.0,1
60876,3,114.4057568822614,1
61000,0,100.20951452448179,2
61000,1,0.0,2
61000,2,0.0,2
61000,3,88.81493307870858,2
61000,4,11.39458144577321,2
61029,0,116.781661364464,1
61029,1,0.0,1
61029,2,0.0,1
61029,3,116.781661364464,1
61055,0,155.47678345414585,1
61055,1,0.0,1
61055,2,0.0,1
61055,3,155.47678345414585,1
61156,0,135.8853493575677,1
61156,1,0.0,1
61156,2,0.0,1
61156,3,135.8853493575677,1
61318,0,87.34395693054154,1
61318,1,0.0,1
61318,2,0.0,1
61318,3,87.34395693054154,1
61324,0,47.87253760600174,1
61324,1,0.0,1
61324,2,0.0,1
61324,3,47.87253760600174,1
61424,0,167.71171284563556,1
61424,1,0.0,1
61424,2,0.0,1
61424,3,167.71171284563556,1
61476,0,120.17597615137521,3
61476,1,0.0,3
61476,2,0.0,3
61476,3,84.82698465126404,3
61476,4,35.34899150011117,3
61535,0,165.69926486118408,1
61535,1,0.0,1
61535,2,0.0,1
61535,3,165.69926486118408,1
61731,0,162.828956607016,1
61731,1,0.0,1
61731,2,0.0,1
61731,3,162.828956607016,1
61845,0,421.2378056880345,1
61845,1,0.0,1
61845,2,0.0,1
61845,3,62.621888612728995,1
61845,4,0.0,1
61845,5,358.6159170753055,1
61854,0,550.3217846085263,4
61854,1,0.0,4
61854,2,0.0,4
61854,3,117.34583633831829,4
61854,4,432.97594827020805,4
62126,0,49.71290699097841,1
62126,1,0.0,1
62126,2,0.0,1
62126,3,49.71290699097841,1
62217,0,200.99298655410706,2
62217,1,0.0,2
62217,2,0.0,2
62217,3,83.80634855873636,2
62217,4,117.18663799537072,2
62254,0,94.22834586446416,1
62254,1,0.0,1
62254,2,0.0,1
62254,3,94.22834586446416,1
62478,0,48.474158503806876,1
62478,1,0.0,1
62478,2,0.0,1
62478,3,48.474158503806876,1
62740,0,172.30972267619183,1
62740,1,0.0,1
62740,2,0.0,1
62740,3,172.30972267619183,1
62934,0,59.60356379171394,1
62934,1,0.0,1
62934,2,0.0,1
62934,3,59.60356379171394,1
63114,0,195.98179882773914,1
63114,1,0.0,1
63114,2,0.0,1
63114,3,195.98179882773914,1
63195,0,107.60872420051459,1
63195,1,0.0,1
63195,2,0.0,1
63195,3,107.60872420051459,1
63267,0,98.74018625039982,1
63267,1,0.0,1
63267,2,0.0,1
63267,3,98.74018625039982,1
63410,0,342.5603739153662,3
63410,1,0.0,3
63410,2,0.0,3
63410,3,93.21735111893258,3
63410,4,249.3430227964336,3
63462,0,134.94785941188945,1
63462,1,0.0,1
63462,2,0.0,1
63462,3,134.94785941188945,1
63469,0,122.44577044619287,1
63469,1,0.0,1
63469,2,0.0,1
63469,3,122.44577044619287,1
63567,0,37.50668849246408,1
63567,1,0.0,1
63567,2,0.0,1
63567,3,37.50668849246408,1
63718,0,57.99343032472148,1
63718,1,0.0,1
63718,2,0.0,1
63718,3,57.99343032472148,1
63857,0,219.028174660121,2
63857,1,0.0,2
63857,2,0.0,2
63857,3,194.23774719036828,2
63857,4,24.79042746975274,2
63956,0,159.80500289749867,1
63956,1,0.0,1
63956,2,0.0,1
63956,3,159.80500289749867,1
64046,0,52.02053498787762,1
64046,1,0.0,1
64046,2,0.0,1
64046,3,52.02053498787762,1
64136,0,190.67996841367707,1
64136,1,0.0,1
64136,2,0.0,1
64136,3,190.67996841367707,1
64306,0,255.2282843979441,2
64306,1,0.0,2
64306,2,0.0,2
64306,3,147.26063034737646,2
64306,4,107.96765405056763,2
64624,0,44.42853970191174,1
64624,1,0.0,1
64624,2,0.0,1
64624,3,44.42853970191174,1
64729,0,137.15656699635835,1
64729,1,0.0,1
64729,2,0.0,1
64729,3,137.15656699635835,1
64763,0,83.64525154340596,1
64763,1,0.0,1
64763,2,0.0,1
64763,3,83.64525154340596,1
64794,0,298.12031599953986,2
64794,1,0.0,2
64794,2,0.0,2
64794,3,151.28818825562428,2
64794,4,146.83212774391558,2
64832,0,212.2890654962013,1
64832,1,0.0,1
64832,2,0.0,1
64832,3,212.2890654962013,1
64870,0,73.58910785185924,1
64870,1,0.0,1
64870,2,0.0,1
64870,3,73.58910785185924,1
64963,0,198.48559734203053,1
64963,1,0.0,1
64963,2,0.0,1
64963,3,198.48559734203053,1
65018,0,389.85076150636417,2
65018,1,0.0,2
65018,2,0.0,2
65018,3,135.72137286498398,2
65018,4,254.1293886413802,2
65089,0,96.45597618177848,2
65089,1,0.0,2
65089,2,0.0,2
65089,3,43.796539718778725,2
65089,4,52.65943646299975,2
65105,0,52.10204557835729,1
65105,1,0.0,1
65105,2,0.0,1
65105,3,52.10204557835729,1
65238,0,128.45918286539347,1
65238,1,0.0,1
65238,2,0.0,1
65238,3,128.45918286539347,1
65427,0,48.881087592034135,1
65427,1,0.0,1
65427,2,0.0,1
65427,3,48.881087592034135,1
65453,0,54.27161368607813,1
65453,1,0.0,1
65453,2,0.0,1
65453,3,54.27161368607813,1
65491,0,256.37274283503825,1
65491,1,0.0,1
65491,2,0.0,1
65491,3,256.37274283503825,1
65752,0,128.86235413928816,1
65752,1,0.0,1
65752,2,0.0,1
65752,3,128.86235413928816,1
65908,0,74.71239473679248,1
65908,1,0.0,1
65908,2,0.0,1
65908,3,74.71239473679248,1
65969,0,450.78383488902034,2
65969,1,0.0,2
65969,2,0.0,2
65969,3,155.39399137116095,2
65969,4,295.3898435178594,2
66052,0,118.1134961975111,1
66052,1,0.0,1
66052,2,0.0,1
66052,3,118.1134961975111,1
66124,0,152.90275569951982,1
66124,1,0.0,1
66124,2,0.0,1
66124,3,152.90275569951982,1
66326,0,314.69562015883815,2
66326,1,0.0,2
66326,2,0.0,2
66326,3,66.49823813191024,2
66326,4,248.19738202692793,2
66345,0,177.54140123708706,2
66345,1,0.0,2
66345,2,0.0,2
66345,3,145.97458475539293,2
66345,4,31.566816481694126,2
66614,0,73.58162503678578,1
66614,1,0.0,1
66614,2,0.0,1
66614,3,73.58162503678578,1
66689,0,149.1804863131242,1
66689,1,0.0,1
66689,2,0.0,1
66689,3,149.1804863131242,1
66748,0,19.693399066578852,1
66748,1,0.0,1
66748,2,0.0,1
66748,3,19.693399066578852,1
66757,0,396.50149878436395,1
66757,1,0.0,1
66757,2,0.0,1
66757,3,396.50149878436395,1
66787,0,47.58882669416941,1
66787,1,0.0,1
66787,2,0.0,1
66787,3,47.58882669416941,1
66805,0,282.2025577669691,2
66805,1,0.0,2
66805,2,0.0,2
66805,3,197.05764355889977,2
66805,4,85.14491420806935,2
66824,0,77.24658443449684,1
66824,1,0.0,1
66824,2,0.0,1
66824,3,77.24658443449684,1
66843,0,78.61515321164336,1
66843,1,0.0,1
66843,2,0.0,1
66843,3,78.61515321164336,1
67127,0,69.31876036516216,1
67127,1,0.0,1
67127,2,0.0,1
67127,3,69.31876036516216,1
67164,0,32.82723861246228,1
67164,1,0.0,1
67164,2,0.0,1
67164,3,32.82723861246228,1
67230,0,43.44765314787324,1
67230,1,0.0,1
67230,2,0.0,1
67230,3,43.44765314787324,1
67308,0,32.58375351476739,1
67308,1,0.0,1
67308,2,0.0,1
67308,3,32.58375351476739,1
67995,0,662.0,1
67995,1,0.0,1
67995,2,0.0,1
67995,3,85.43514109923689,1
67995,4,576.5648589007632,1
68258,0,83.8655724791738,1
68258,1,0.0,1
68258,2,0.0,1
68258,3,83.8655724791738,1
68408,0,34.78726602519111,1
68408,1,0.0,1
68408,2,0.0,1
68408,3,34.78726602519111,1
68449,0,66.3787970099704,1
68449,1,0.0,1
68449,2,0.0,1
68449,3,66.3787970099704,1
68663,0,662.0,3
68663,1,0.0,3
68663,2,0.0,3
68663,3,50.04157713600288,3
68663,4,611.9584228639972,3
68679,0,149.1459765010178,1
68679,1,0.0,1
68679,2,0.0,1
68679,3,149.1459765010178,1
68804,0,264.74577064541427,2
68804,1,0.0,2
68804,2,0.0,2
68804,3,112.96754971686885,2
68804,4,151.77822092854544,2
69092,0,44.75087274064126,1
69092,1,0.0,1
69092,2,0.0,1
69092,3,44.75087274064126,1
69515,0,662.0,1
69515,1,0.0,1
69515,2,0.0,1
69515,3,40.57330453946295,1
69515,4,621.4266954605371,1
69623,0,32.267518831993634,1
69623,1,0.0,1
69623,2,0.0,1
69623,3,32.267518831993634,1
69854,0,420.55934659782827,3
69854,1,0.0,3
69854,2,0.0,3
69854,3,171.4094970873673,3
69854,4,249.149849510461,3
70079,0,82.03930352104338,1
70079,1,0.0,1
70079,2,0.0,1
70079,3,82.03930352104338,1
70210,0,89.0280201826441,1
70210,1,0.0,1
70210,2,0.0,1
70210,3,89.0280201826441,1
70365,0,196.6428384081732,1
70365,1,0.0,1
70365,2,0.0,1
70365,3,196.6428384081732,1
70715,0,181.04818174733805,2
70715,1,0.0,2
70715,2,0.0,2
70715,3,181.04818174733805,2
70727,0,20.692195948156964,1
70727,1,0.0,1
70727,2,0.0,1
70727,3,20.692195948156964,1
70776,0,361.8968499588121,2
70776,1,0.0,2
70776,2,0.0,2
70776,3,97.7236448652955,2
70776,4,264.1732050935166,2
70926,0,66.9022886759476,1
70926,1,0.0,1
70926,2,0.0,1
70926,3,66.9022886759476,1
71006,0,111.62376030046983,1
71006,1,0.0,1
71006,2,0.0,1
71006,3,111.62376030046983,1
71256,0,133.69431781733388,1
71256,1,0.0,1
71256,2,0.0,1
71256,3,133.69431781733388,1
71388,0,104.29648139016179,1
71388,1,0.0,1
71388,2,0.0,1
71388,3,104.29648139016179,1
71645,0,156.14258796160206,1
71645,1,0.0,1
71645,2,0.0,1
71645,3,156.14258796160206,1
71652,0,175.28455908406187,1
71652,1,0.0,1
71652,2,0.0,1
71652,3,175.28455908406187,1
71665,0,423.7506683240445,2
71665,1,0.0,2
71665,2,0.0,2
71665,3,90.16393948801793,2
71665,4,333.58672883602657,2
71692,0,87.44638430866335,1
71692,1,0.0,1
71692,2,0.0,1
71692,3,87.44638430866335,1
71718,0,54.03624060054768,1
71718,1,0.0,1
71718,2,0.0,1
71718,3,54.03624060054768,1
71731,0,48.14830293974504,1
71731,1,0.0,1
71731,2,0.0,1
71731,3,48.14830293974504,1
71775,0,86.97301505001909,1
71775,1,0.0,1
71775,2,0.0,1
71775,3,86.97301505001909,1
71784,0,472.87814525392326,1
71784,1,0.0,1
71784,2,0.0,1
71784,3,261.53290032431795,1
71784,4,0.0,1
71784,5,211.34524492960531,1
71915,0,89.3840438002742,1
71915,1,0.0,1
71915,2,0.0,1
71915,3,89.3840438002742,1
72094,0,55.759312492370206,1
72094,1,0.0,1
72094,2,0.0,1
72094,3,55.759312492370206,1
72098,0,92.3761408747601,1
72098,1,0.0,1
72098,2,0.0,1
72098,3,92.3761408747601,1
72138,0,348.0585753232077,2
72138,1,0.0,2
72138,2,0.0,2
72138,3,66.53810236688807,2
72138,4,281.5204729563197,2
72516,0,142.2450256117712,1
72516,1,0.0,1
72516,2,0.0,1
72516,3,142.2450256117712,1
72619,0,167.64387647503003,1
72619,1,0.0,1
72619,2,0.0,1
72619,3,167.64387647503003,1
72776,0,327.2174873517881,2
72776,1,0.0,2
72776,2,0.0,2
72776,3,55.82232556514843,2
72776,4,271.3951617866397,2
73033,0,150.45926321198354,1
73033,1,0.0,1
73033,2,0.0,1
73033,3,150.45926321198354,1
73188,0,45.01735173355548,1
73188,1,0.0,1
73188,2,0.0,1
73188,3,45.01735173355548,1
73200,0,157.0551893495523,1
73200,1,0.0,1
73200,2,0.0,1
73200,3,157.0551893495523,1
73317,0,147.60967719603323,1
73317,1,0.0,1
73317,2,0.0,1
73317,3,147.60967719603323,1
73323,0,114.47379377574195,1
73323,1,0.0,1
73323,2,0.0,1
73323,3,114.47379377574195,1
73343,0,370.71705669837564,2
73343,1,0.0,2
73343,2,0.0,2
73343,3,29.058066234836087,2
73343,4,341.65899046353957,2
73473,0,69.82989012987161,1
73473,1,0.0,1
73473,2,0.0,1
73473,3,69.82989012987161,1
73628,0,210.51010068301844,1
73628,1,0.0,1
73628,2,0.0,1
73628,3,210.51010068301844,1
73631,0,177.76653632845606,1
73631,1,0.0,1
73631,2,0.0,1
73631,3,177.76653632845606,1
73762,0,170.5143715149311,1
73762,1,0.0,1
73762,2,0.0,1
73762,3,170.5143715149311,1
73893,0,662.0,2
73893,1,0.0,2
73893,2,0.0,2
73893,3,104.45661087794389,2
73893,4,557.5433891220562,2
74007,0,232.79001163109547,1
74007,1,0.0,1
74007,2,0.0,1
74007,3,232.79001163109547,1
74019,0,450.5715236758358,2
74019,1,0.0,2
74019,2,0.0,2
74019,3,103.15553397881082,2
74019,4,347.415989697025,2
74187,0,174.57749871279236,1
74187,1,0.0,1
74187,2,0.0,1
74187,3,174.57749871279236,1
74211,0,477.88183473184216,2
74211,1,0.0,2
74211,2,0.0,2
74211,3,155.27465883841705,2
74211,4,322.6071758934251,2
74420,0,52.43453250400343,1
74420,1,0.0,1
74420,2,0.0,1
74420,3,52.43453250400343,1
74624,0,171.83984233850845,1
74624,1,0.0,1
74624,2,0.0,1
74624,3,171.83984233850845,1
74706,0,170.89001840307048,1
74706,1,0.0,1
74706,2,0.0,1
74706,3,170.89001840307048,1
74841,0,52.59906936725578,1
74841,1,0.0,1
74841,2,0.0,1
74841,3,52.59906936725578,1
75169,0,444.86849673235054,3
75169,1,0.0,3
75169,2,0.0,3
75169,3,167.9768339670546,3
75169,4,276.8916627652959,3
75371,0,110.91768129184587,1
75371,1,0.0,1
75371,2,0.0,1
75371,3,110.91768129184587,1
75401,0,151.58387200636304,1
75401,1,0.0,1
75401,2,0.0,1
75401,3,151.58387200636304,1
75575,0,228.22616133865563,2
75575,1,0.0,2
75575,2,0.0,2
75575,3,98.17164492459129,2
75575,4,130.05451641406435,2
75716,0,29.87573224352891,1
75716,1,0.0,1
75716,2,0.0,1
75716,3,29.87573224352891,1
75794,0,145.2870268800457,2
75794,1,0.0,2
75794,2,0.0,2
75794,3,103.27787840860391,2
75794,4,42.00914847144177,2
75920,0,99.34882141207358,1
75920,1,0.0,1
75920,2,0.0,1
75920,3,99.34882141207358,1
75949,0,63.71306960742995,1
75949,1,0.0,1
75949,2,0.0,1
75949,3,63.71306960742995,1
75956,0,37.782963948387646,1
75956,1,0.0,1
75956,2,0.0,1
75956,3,37.782963948387646,1
76084,0,274.7465668933719,2
76084,1,0.0,2
76084,2,0.0,2
76084,3,158.92819975606176,2
76084,4,115.81836713731013,2
76265,0,212.61145032339078,2
76265,1,0.0,2
76265,2,0.0,2
76265,3,211.15930781198594,2
76265,4,1.4521425114048525,2
76385,0,205.3222811716856,1
76385,1,0.0,1
76385,2,0.0,1
76385,3,205.3222811716856,1
76476,0,152.16759653423617,1
76476,1,0.0,1
76476,2,0.0,1
76476,3,152.16759653423617,1
76593,0,284.70857159525616,2
76593,1,0.0,2
76593,2,0.0,2
76593,3,228.55506884206673,2
76593,4,56.15350275318942,2
76960,0,58.794187828948075,1
76960,1,0.0,1
76960,2,0.0,1
76960,3,58.794187828948075,1
76995,0,184.66348473270494,1
76995,1,0.0,1
76995,2,0.0,1
76995,3,184.66348473270494,1
77112,0,177.00848649339616,1
77112,1,0.0,1
77112,2,0.0,1
77112,3,177.00848649339616,1
77162,0,170.38074429011317,2
77162,1,0.0,2
77162,2,0.0,2
77162,3,5.38344150802226,2
77162,4,163.72883888963574,2
77162,5,0.0,2
77162,6,1.26846389245518,2
77291,0,662.0,1
77291,1,0.0,1
77291,2,0.0,1
77291,3,104.30862919240191,1
77291,4,557.6913708075981,1
77375,0,136.7070229711922,1
77375,1,0.0,1
77375,2,0.0,1
77375,3,136.7070229711922,1
77436,0,476.5580863046472,2
77436,1,0.0,2
77436,2,0.0,2
77436,3,91.66671642148971,2
77436,4,384.8913698831575,2
77510,0,353.77921848766596,2
77510,1,0.0,2
77510,2,0.0,2
77510,3,105.39753817472452,2
77510,4,248.38168031294143,2
77976,0,29.403338635125454,1
77976,1,0.0,1
77976,2,0.0,1
77976,3,29.403338635125454,1
77999,0,136.0254382717534,1
77999,1,0.0,1
77999,2,0.0,1
77999,3,136.0254382717534,1
78027,0,73.65330428836924,1
78027,1,0.0,1
78027,2,0.0,1
78027,3,73.65330428836924,1
78076,0,68.68327846049293,1
78076,1,0.0,1
78076,2,0.0,1
78076,3,68.68327846049293,1
78199,0,480.8442727206758,2
78199,1,0.0,2
78199,2,0.0,2
78199,3,218.07507153779304,2
78199,4,262.7692011828828,2
78266,0,74.02358036634283,1
78266,1,0.0,1
78266,2,0.0,1
78266,3,74.02358036634283,1
78276,0,91.56218008934292,1
78276,1,0.0,1
78276,2,0.0,1
78276,3,91.56218008934292,1
78281,0,47.72109146404624,1
78281,1,0.0,1
78281,2,0.0,1
78281,3,47.72109146404624,1
78370,0,103.4537801739851,1
78370,1,0.0,1
78370,2,0.0,1
78370,3,103.4537801739851,1
78607,0,189.08809033719785,2
78607,1,0.0,2
78607,2,0.0,2
78607,3,38.621515258433604,2
78607,4,150.46657507876427,2
78944,0,120.34509913249036,1
78944,1,0.0,1
78944,2,0.0,1
78944,3,120.34509913249036,1
78984,0,535.2757303551102,3
78984,1,0.0,3
78984,2,0.0,3
78984,3,78.75480880596474,3
78984,4,456.52092154914544,3
78989,0,175.5928313725557,1
78989,1,0.0,1
78989,2,0.0,1
78989,3,175.5928313725557,1
79068,0,46.30104974720073,1
79068,1,0.0,1
79068,2,0.0,1
79068,3,46.30104974720073,1
79108,0,18.398121004829402,1
79108,1,0.0,1
79108,2,0.0,1
79108,3,18.398121004829402,1
79155,0,200.78702098832446,1
79155,1,0.0,1
79155,2,0.0,1
79155,3,200.78702098832446,1
79190,0,115.72365094834657,1
79190,1,0.0,1
79190,2,0.0,1
79190,3,115.72365094834657,1
79221,0,481.6864459562598,2
79221,1,0.0,2
79221,2,0.0,2
79221,3,57.336531575018725,2
79221,4,424.34991438124104,2
79258,0,102.03537706428756,1
79258,1,0.0,1
79258,2,0.0,1
79258,3,102.03537706428756,1
79302,0,75.4479280275262,1
79302,1,0.0,1
79302,2,0.0,1
79302,3,75.4479280275262,1
79349,0,393.4048517728431,3
79349,1,0.0,3
79349,2,0.0,3
79349,3,98.51514980550945,3
79349,4,294.8897019673336,3
79682,0,294.759768717558,2
79682,1,0.0,2
79682,2,0.0,2
79682,3,83.88349932848294,2
79682,4,210.87626938907505,2
79717,0,236.16359359032424,1
79717,1,0.0,1
79717,2,0.0,1
79717,3,236.16359359032424,1
79776,0,62.32496098422813,1
79776,1,0.0,1
79776,2,0.0,1
79776,3,62.32496098422813,1
79923,0,69.40369273315461,1
79923,1,0.0,1
79923,2,0.0,1
79923,3,69.40369273315461,1
79985,0,153.19398635501048,1
79985,1,0.0,1
79985,2,0.0,1
79985,3,153.19398635501048,1
79995,0,193.43147456676485,1
79995,1,0.0,1
79995,2,0.0,1
79995,3,193.43147456676485,1
80028,0,125.76822730897985,2
80028,1,0.0,2
80028,2,0.0,2
80028,3,70.66194660017,2
80028,4,55.10628070880985,2
80066,0,277.91124390405224,2
80066,1,0.0,2
80066,2,0.0,2
80066,3,106.23224094245332,2
80066,4,171.67900296159894,2
80182,0,78.87703351512509,1
80182,1,0.0,1
80182,2,0.0,1
80182,3,78.87703351512509,1
80226,0,186.09762563384467,1
80226,1,0.0,1
80226,2,0.0,1
80226,3,186.09762563384467,1
80265,0,46.38450008699713,1
80265,1,0.0,1
80265,2,0.0,1
80265,3,46.38450008699713,1
80294,0,479.6357410372153,2
80294,1,0.0,2
80294,2,0.0,2
80294,3,88.26387234752642,2
80294,4,391.3718686896889,2
80333,0,192.955193207492,1
80333,1,0.0,1
80333,2,0.0,1
80333,3,192.955193207492,1
80375,0,182.93204012235435,1
80375,1,0.0,1
80375,2,0.0,1
80375,3,182.93204012235435,1
80481,0,34.53523662089619,1
80481,1,0.0,1
80481,2,0.0,1
80481,3,34.53523662089619,1
80585,0,140.08925492888767,1
80585,1,0.0,1
80585,2,0.0,1
80585,3,140.08925492888767,1
80820,0,134.41485169091115,1
80820,1,0.0,1
80820,2,0.0,1
80820,3,134.41485169091115,1
80859,0,91.24059104415815,1
80859,1,0.0,1
80859,2,0.0,1
80859,3,91.24059104415815,1
80992,0,160.40187063952317,1
80992,1,0.0,1
80992,2,0.0,1
80992,3,160.40187063952317,1
81063,0,361.16368713515067,2
81063,1,0.0,2
81063,2,0.0,2
81063,3,350.53767986381064,2
81063,4,10.626007271340054,2
81157,0,662.0,1
81157,1,0.0,1
81157,2,0.0,1
81157,3,346.4805296557362,1
81157,4,315.5194703442638,1
81251,0,310.92777376537816,1
81251,1,0.0,1
81251,2,0.0,1
81251,3,310.92777376537816,1
81356,0,44.07604635377849,1
81356,1,0.0,1
81356,2,0.0,1
81356,3,44.07604635377849,1
81371,0,254.81970993011288,2
81371,1,0.0,2
81371,2,0.0,2
81371,3,75.71687858090725,2
81371,4,179.10283134920562,2
81390,0,149.93106688609726,1
81390,1,0.0,1
81390,2,0.0,1
81390,3,149.93106688609726,1
81426,0,466.6238341414281,2
81426,1,0.0,2
81426,2,0.0,2
81426,3,200.50744848256687,2
81426,4,266.11638565886125,2
81604,0,33.887640410315335,1
81604,1,0.0,1
81604,2,0.0,1
81604,3,33.887640410315335,1
81635,0,113.97618442502477,1
81635,1,0.0,1
81635,2,0.0,1
81635,3,113.97618442502477,1
81740,0,51.17771071035892,1
81740,1,0.0,1
81740,2,0.0,1
81740,3,51.17771071035892,1
81893,0,49.336905908938135,1
81893,1,0.0,1
81893,2,0.0,1
81893,3,49.336905908938135,1
81948,0,113.63000594195016,1
81948,1,0.0,1
81948,2,0.0,1
81948,3,113.63000594195016,1
82112,0,56.029893389893616,1
82112,1,0.0,1
82112,2,0.0,1
82112,3,56.029893389893616,1
82225,0,460.01664750431775,3
82225,1,0.0,3
82225,2,0.0,3
82225,3,121.8777459380882,3
82225,4,338.13890156622955,3
82281,0,464.2764565483186,2
82281,1,0.0,2
82281,2,0.0,2
82281,3,119.71613219515686,2
82281,4,344.5603243531618,2
82352,0,98.89311349683261,1
82352,1,0.0,1
82352,2,0.0,1
82352,3,98.89311349683261,1
82445,0,123.94191313186454,1
82445,1,0.0,1
82445,2,0.0,1
82445,3,123.94191313186454,1
82510,0,74.53843472558086,1
82510,1,0.0,1
82510,2,0.0,1
82510,3,74.53843472558086,1
82760,0,81.56362252969917,1
82760,1,0.0,1
82760,2,0.0,1
82760,3,81.56362252969917,1
82879,0,151.9621896920602,1
82879,1,0.0,1
82879,2,0.0,1
82879,3,151.9621896920602,1
82941,0,159.17324453253622,1
82941,1,0.0,1
82941,2,0.0,1
82941,3,159.17324453253622,1
83060,0,160.6155803465755,1
83060,1,0.0,1
83060,2,0.0,1
83060,3,160.6155803465755,1
83296,0,199.37127007206666,1
83296,1,0.0,1
83296,2,0.0,1
83296,3,199.37127007206666,1
83356,0,153.0977786940717,1
83356,1,0.0,1
83356,2,0.0,1
83356,3,153.0977786940717,1
83364,0,429.851936212298,2
83364,1,0.0,2
83364,2,0.0,2
83364,3,77.62482856183195,2
83364,4,352.22710765046605,2
83628,0,93.74082331020927,1
83628,1,0.0,1
83628,2,0.0,1
83628,3,93.74082331020927,1
83655,0,133.8443425943303,1
83655,1,0.0,1
83655,2,0.0,1
83655,3,133.8443425943303,1
83716,0,110.37839156438966,1
83716,1,0.0,1
83716,2,0.0,1
83716,3,110.37839156438966,1
83917,0,108.78251860499887,1
83917,1,0.0,1
83917,2,0.0,1
83917,3,108.78251860499887,1
83983,0,98.15934425684958,1
83983,1,0.0,1
83983,2,0.0,1
83983,3,98.15934425684958,1
84077,0,473.29001930046445,2
84077,1,0.0,2
84077,2,0.0,2
84077,3,43.09987785922809,2
84077,4,430.1901414412364,2
84181,0,40.966305625008914,1
84181,1,0.0,1
84181,2,0.0,1
84181,3,40.966305625008914,1
84308,0,32.29925563408287,1
84308,1,0.0,1
84308,2,0.0,1
84308,3,32.29925563408287,1
84504,0,38.105458316369024,1
84504,1,0.0,1
84504,2,0.0,1
84504,3,38.105458316369024,1
84519,0,164.42945241583024,2
84519,1,0.0,2
84519,2,0.0,2
84519,3,164.42945241583024,2
84638,0,430.7185736523145,3
84638,1,0.0,3
84638,2,0.0,3
84638,3,168.24922513966382,3
84638,4,262.4693485126507,3
84824,0,74.2874202616699,1
84824,1,0.0,1
84824,2,0.0,1
84824,3,74.2874202616699,1
85281,0,28.936433055625322,1
85281,1,0.0,1
85281,2,0.0,1
85281,3,28.936433055625322,1
85399,0,83.9629442223917,1
85399,1,0.0,1
85399,2,0.0,1
85399,3,83.9629442223917,1
85439,0,95.22316996780711,1
85439,1,0.0,1
85439,2,0.0,1
85439,3,95.22316996780711,1
85635,0,36.01146730702176,1
85635,1,0.0,1
85635,2,0.0,1
85635,3,36.01146730702176,1
85725,0,170.93669204792454,1
85725,1,0.0,1
85725,2,0.0,1
85725,3,170.93669204792454,1
85812,0,140.69095769736884,1
85812,1,0.0,1
85812,2,0.0,1
85812,3,140.69095769736884,1
86002,0,170.11302161349667,1
86002,1,0.0,1
86002,2,0.0,1
86002,3,170.11302161349667,1
86069,0,39.61397045138793,1
86069,1,0.0,1
86069,2,0.0,1
86069,3,39.61397045138793,1
86126,0,271.90010319942405,3
86126,1,0.0,3
86126,2,0.0,3
86126,3,106.37330524199828,3
86126,4,165.5267979574258,3
86136,0,133.05163911376394,1
86136,1,0.0,1
86136,2,0.0,1
86136,3,133.05163911376394,1
86325,0,473.68669342626447,2
86325,1,0.0,2
86325,2,0.0,2
86325,3,225.7387419644371,2
86325,4,247.94795146182733,2
86395,0,221.07710103971402,2
86395,1,0.0,2
86395,2,0.0,2
86395,3,157.3144808752115,2
86395,4,63.762620164502515,2
86459,0,52.957240188374556,1
86459,1,0.0,1
86459,2,0.0,1
86459,3,52.957240188374556,1
86480,0,157.55321201787498,1
86480,1,0.0,1
86480,2,0.0,1
86480,3,157.55321201787498,1
86605,0,248.57335602829414,2
86605,1,0.0,2
86605,2,0.0,2
86605,3,128.75973246427685,2
86605,4,119.8136235640173,2
86690,0,209.77530790858907,2
86690,1,0.0,2
86690,2,0.0,2
86690,3,169.86199337569997,2
86690,4,39.913314532889096,2
86820,0,35.82621672074837,1
86820,1,0.0,1
86820,2,0.0,1
86820,3,35.82621672074837,1
86907,0,72.27599172190901,1
86907,1,0.0,1
86907,2,0.0,1
86907,3,72.27599172190901,1
86927,0,405.5920075912303,2
86927,1,0.0,2
86927,2,0.0,2
86927,3,29.17112050999915,2
86927,4,376.42088708123117,2
86963,0,51.5996966234945,1
86963,1,0.0,1
86963,2,0.0,1
86963,3,51.5996966234945,1
87006,0,358.3784137429278,2
87006,1,0.0,2
87006,2,0.0,2
87006,3,329.70704551412734,2
87006,4,28.671368228800453,2
87259,0,41.71616686007506,1
87259,1,0.0,1
87259,2,0.0,1
87259,3,41.71616686007506,1
87464,0,160.52057179178524,2
87464,1,0.0,2
87464,2,0.0,2
87464,3,120.80359777264104,2
87464,4,39.7169740191442,2
87493,0,94.72492753623041,1
87493,1,0.0,1
87493,2,0.0,1
87493,3,94.72492753623041,1
87512,0,34.66913049743137,1
87512,1,0.0,1
87512,2,0.0,1
87512,3,34.66913049743137,1
87593,0,62.93081268606016,1
87593,1,0.0,1
87593,2,0.0,1
87593,3,62.93081268606016,1
87708,0,662.0000000000001,1
87708,1,0.0,1
87708,2,0.0,1
87708,3,130.55598708569093,1
87708,4,531.4440129143092,1
87718,0,69.66583139540639,1
87718,1,0.0,1
87718,2,0.0,1
87718,3,69.66583139540639,1
87790,0,63.20328333762459,1
87790,1,0.0,1
87790,2,0.0,1
87790,3,63.20328333762459,1
88150,0,158.8078952859848,1
88150,1,0.0,1
88150,2,0.0,1
88150,3,158.8078952859848,1
88199,0,479.71323975674807,2
88199,1,0.0,2
88199,2,0.0,2
88199,3,177.231625730103,2
88199,4,302.4816140266451,2
88291,0,34.84838983215366,1
88291,1,0.0,1
88291,2,0.0,1
88291,3,34.84838983215366,1
88441,0,55.25777647464103,1
88441,1,0.0,1
88441,2,0.0,1
88441,3,55.25777647464103,1
88906,0,103.18988810581742,1
88906,1,0.0,1
88906,2,0.0,1
88906,3,103.18988810581742,1
88977,0,291.7841443124509,3
88977,1,0.0,3
88977,2,0.0,3
88977,3,62.43278553403175,3
88977,4,229.35135877841915,3
89082,0,81.6134016133675,2
89082,1,0.0,2
89082,2,0.0,2
89082,3,41.73360179713148,2
89082,4,39.879799816236016,2
89122,0,244.13811583565467,2
89122,1,0.0,2
89122,2,0.0,2
89122,3,170.56451922644877,2
89122,4,73.57359660920592,2
89217,0,94.63124755076801,1
89217,1,0.0,1
89217,2,0.0,1
89217,3,94.63124755076801,1
89448,0,121.32766150389017,1
89448,1,0.0,1
89448,2,0.0,1
89448,3,121.32766150389017,1
89547,0,101.75882095610767,1
89547,1,0.0,1
89547,2,0.0,1
89547,3,101.75882095610767,1
89810,0,159.49458944882454,1
89810,1,0.0,1
89810,2,0.0,1
89810,3,159.49458944882454,1
89820,0,130.86172509905592,1
89820,1,0.0,1
89820,2,0.0,1
89820,3,130.86172509905592,1
90137,0,187.52699415669,2
90137,1,0.0,2
90137,2,0.0,2
90137,3,116.63345654664248,2
90137,4,70.89353761004752,2
90149,0,56.07411803784956,1
90149,1,0.0,1
90149,2,0.0,1
90149,3,56.07411803784956,1
90238,0,330.5970462213404,2
90238,1,0.0,2
90238,2,0.0,2
90238,3,195.03262002594067,2
90238,4,135.56442619539976,2
90254,0,119.1877711147421,1
90254,1,0.0,1
90254,2,0.0,1
90254,3,119.1877711147421,1
90289,0,227.37706141676526,2
90289,1,0.0,2
90289,2,0.0,2
90289,3,67.41118701323822,2
90289,4,159.96587440352704,2
90389,0,299.7481632160425,2
90389,1,0.0,2
90389,2,0.0,2
90389,3,51.08625060528982,2
90389,4,248.6619126107527,2
90457,0,154.68784927721256,1
90457,1,0.0,1
90457,2,0.0,1
90457,3,154.68784927721256,1
90488,0,423.6341638963326,2
90488,1,0.0,2
90488,2,0.0,2
90488,3,48.41226763914774,2
90488,4,348.1126297896406,2
90488,5,27.109266467544273,2
90665,0,174.59443571133414,1
90665,1,0.0,1
90665,2,0.0,1
90665,3,174.59443571133414,1
90794,0,50.00027904199522,1
90794,1,0.0,1
90794,2,0.0,1
90794,3,50.00027904199522,1
90952,0,17.874417022053724,1
90952,1,0.0,1
90952,2,0.0,1
90952,3,17.874417022053724,1
91049,0,115.23511194316771,1
91049,1,0.0,1
91049,2,0.0,1
91049,3,115.23511194316771,1
91081,0,256.9871781739972,2
91081,1,0.0,2
91081,2,0.0,2
91081,3,145.84601573872058,2
91081,4,111.14116243527666,2
91160,0,164.9087931509435,1
91160,1,0.0,1
91160,2,0.0,1
91160,3,164.9087931509435,1
91198,0,75.65765134150648,1
91198,1,0.0,1
91198,2,0.0,1
91198,3,75.65765134150648,1
91356,0,116.91911412512911,1
91356,1,0.0,1
91356,2,0.0,1
91356,3,116.91911412512911,1
91458,0,102.78994370803717,1
91458,1,0.0,1
91458,2,0.0,1
91458,3,102.78994370803717,1
92003,0,97.74953854968915,1
92003,1,0.0,1
92003,2,0.0,1
92003,3,97.74953854968915,1
92004,0,114.5429720088702,1
92004,1,0.0,1
92004,2,0.0,1
92004,3,114.5429720088702,1
92114,0,133.86354225931973,1
92114,1,0.0,1
92114,2,0.0,1
92114,3,133.86354225931973,1
92185,0,138.57528909178984,1
92185,1,0.0,1
92185,2,0.0,1
92185,3,138.57528909178984,1
92357,0,173.53408956798683,2
92357,1,0.0,2
92357,2,0.0,2
92357,3,118.68625950126632,2
92357,4,54.847830066720505,2
93063,0,41.726082992870396,1
93063,1,0.0,1
93063,2,0.0,1
93063,3,41.726082992870396,1
93095,0,451.9708921302464,2
93095,1,0.0,2
93095,2,0.0,2
93095,3,76.95760330116919,2
93095,4,375.0132888290772,2
93105,0,84.82414133748206,1
93105,1,0.0,1
93105,2,0.0,1
93105,3,84.82414133748206,1
93178,0,46.93317434235322,1
93178,1,0.0,1
93178,2,0.0,1
93178,3,46.93317434235322,1
93231,0,141.56758299769433,1
93231,1,0.0,1
93231,2,0.0,1
93231,3,141.56758299769433,1
93268,0,32.438750551575744,1
93268,1,0.0,1
93268,2,0.0,1
93268,3,32.438750551575744,1
93617,0,31.387118630495035,1
93617,1,0.0,1
93617,2,0.0,1
93617,3,31.387118630495035,1
93643,0,118.25137840067268,1
93643,1,0.0,1
93643,2,0.0,1
93643,3,118.25137840067268,1
93654,0,123.92536244570029,1
93654,1,0.0,1
93654,2,0.0,1
93654,3,123.92536244570029,1
93656,0,120.33955365553095,1
93656,1,0.0,1
93656,2,0.0,1
93656,3,120.33955365553095,1
93682,0,69.56802882535418,1
93682,1,0.0,1
93682,2,0.0,1
93682,3,69.56802882535418,1
93834,0,558.3085367750525,2
93834,1,0.0,2
93834,2,0.0,2
93834,3,495.90151883381435,2
93834,4,62.407017941238166,2
93978,0,120.072187516725,1
93978,1,0.0,1
93978,2,0.0,1
93978,3,120.072187516725,1
94180,0,44.26037843804453,1
94180,1,0.0,1
94180,2,0.0,1
94180,3,44.26037843804453,1
94205,0,422.6547079139119,3
94205,1,0.0,3
94205,2,0.0,3
94205,3,169.09538047214417,3
94205,4,253.55932744176778,3
94255,0,44.8877278435077,1
94255,1,0.0,1
94255,2,0.0,1
94255,3,44.8877278435077,1
94448,0,98.2498029523916,1
94448,1,0.0,1
94448,2,0.0,1
94448,3,98.2498029523916,1
94604,0,218.8440868959522,1
94604,1,0.0,1
94604,2,0.0,1
94604,3,218.8440868959522,1
94609,0,77.92777533418527,1
94609,1,0.0,1
94609,2,0.0,1
94609,3,77.92777533418527,1
94731,0,25.559661493872564,1
94731,1,0.0,1
94731,2,0.0,1
94731,3,25.559661493872564,1
94906,0,51.801272002105044,1
94906,1,0.0,1
94906,2,0.0,1
94906,3,51.801272002105044,1
95144,0,62.55451056956329,1
95144,1,0.0,1
95144,2,0.0,1
95144,3,62.55451056956329,1
95186,0,177.3116789649728,1
95186,1,0.0,1
95186,2,0.0,1
95186,3,177.3116789649728,1
95256,0,435.5311899275524,3
95256,1,0.0,3
95256,2,0.0,3
95256,3,146.06481874099896,3
95256,4,289.4663711865535,3
95332,0,52.67910954551325,1
95332,1,0.0,1
95332,2,0.0,1
95332,3,52.67910954551325,1
95420,0,109.8236716898886,1
95420,1,0.0,1
95420,2,0.0,1
95420,3,109.8236716898886,1
95452,0,121.55455477329168,1
95452,1,0.0,1
95452,2,0.0,1
95452,3,121.55455477329168,1
95486,0,82.13131883652458,2
95486,1,0.0,2
95486,2,0.0,2
95486,3,71.81509008578146,2
95486,4,10.316228750743116,2
95501,0,149.5300747663688,1
95501,1,0.0,1
95501,2,0.0,1
95501,3,149.5300747663688,1
95664,0,63.97253263300762,1
95664,1,0.0,1
95664,2,0.0,1
95664,3,63.97253263300762,1
95845,0,225.45061700211141,1
95845,1,0.0,1
95845,2,0.0,1
95845,3,225.45061700211141,1
95997,0,67.00536883976527,1
95997,1,0.0,1
95997,2,0.0,1
95997,3,67.00536883976527,1
96542,0,476.4774021627877,1
96542,1,0.0,1
96542,2,0.0,1
96542,3,476.4774021627877,1
96620,0,60.612212379159146,1
96620,1,0.0,1
96620,2,0.0,1
96620,3,60.612212379159146,1
96748,0,188.32096712384754,1
96748,1,0.0,1
96748,2,0.0,1
96748,3,188.32096712384754,1
96860,0,103.52852428554804,1
96860,1,0.0,1
96860,2,0.0,1
96860,3,103.52852428554804,1
96883,0,410.6520462784449,3
96883,1,0.0,3
96883,2,0.0,3
96883,3,106.89556546567536,3
96883,4,303.75648081276955,3
97002,0,165.67965306395655,1
97002,1,0.0,1
97002,2,0.0,1
97002,3,165.67965306395655,1
97377,0,52.74325585385831,1
97377,1,0.0,1
97377,2,0.0,1
97377,3,52.74325585385831,1
97415,0,83.73103178679442,1
97415,1,0.0,1
97415,2,0.0,1
97415,3,83.73103178679442,1
97448,0,480.09197028951854,2
97448,1,0.0,2
97448,2,0.0,2
97448,3,60.72131286910487,2
97448,4,419.3706574204137,2
97599,0,97.25880115537933,1
97599,1,0.0,1
97599,2,0.0,1
97599,3,97.25880115537933,1
97706,0,37.2640561702392,1
97706,1,0.0,1
97706,2,0.0,1
97706,3,37.2640561702392,1
97739,0,169.51725417259712,1
97739,1,0.0,1
97739,2,0.0,1
97739,3,169.51725417259712,1
97972,0,107.73903810253427,1
97972,1,0.0,1
97972,2,0.0,1
97972,3,107.73903810253427,1
98015,0,217.06852081924094,2
98015,1,0.0,2
98015,2,0.0,2
98015,3,66.94556807287589,2
98015,4,150.12295274636506,2
98027,0,76.69065368770688,1
98027,1,0.0,1
98027,2,0.0,1
98027,3,76.69065368770688,1
98046,0,144.27661973631834,1
98046,1,0.0,1
98046,2,0.0,1
98046,3,144.27661973631834,1
98198,0,152.91844593047153,2
98198,1,0.0,2
98198,2,0.0,2
98198,3,98.5464736288566,2
98198,4,54.371972301614946,2
98385,0,242.62682845863435,2
98385,1,0.0,2
98385,2,0.0,2
98385,3,190.99993750378508,2
98385,4,51.62689095484929,2
98587,0,51.915386472876854,1
98587,1,0.0,1
98587,2,0.0,1
98587,3,51.915386472876854,1
98607,0,662.0,2
98607,1,0.0,2
98607,2,0.0,2
98607,3,177.21627572800546,2
98607,4,484.7837242719946,2
98639,0,405.2876358246113,2
98639,1,0.0,2
98639,2,0.0,2
98639,3,148.2724731877254,2
98639,4,257.0151626368859,2
98976,0,124.21590017288275,1
98976,1,0.0,1
98976,2,0.0,1
98976,3,124.21590017288275,1
99074,0,126.23783498720353,1
99074,1,0.0,1
99074,2,0.0,1
99074,3,126.23783498720353,1
99091,0,61.392124033010305,1
99091,1,0.0,1
99091,2,0.0,1
99091,3,61.392124033010305,1
99244,0,32.21263229349369,1
99244,1,0.0,1
99244,2,0.0,1
99244,3,32.21263229349369,1
99391,0,44.820495982471286,1
99391,1,0.0,1
99391,2,0.0,1
99391,3,44.820495982471286,1
99607,0,45.580206240853684,1
99607,1,0.0,1
99607,2,0.0,1
99607,3,45.580206240853684,1
99879,0,156.15940577646714,1
99879,1,0.0,1
99879,2,0.0,1
99879,3,156.15940577646714,1
